Date,Petrol Price,Diesel Price
2016-01-01,59.35,45.03
2016-01-16,59.03,44.18
2016-01-19,59.99,44.71
2016-02-01,59.95,44.68
2016-02-18,59.63,44.96
2016-03-01,56.61,46.43
2016-03-17,59.68,48.33
2016-04-01,59.68,48.33
2016-04-05,61.87,49.31
2016-04-16,61.13,48.01
2016-05-01,62.19,50.95
2016-05-17,63.02,51.67
2016-06-01,65.6,53.93
2016-06-16,65.65,55.19
2016-07-01,64.76,54.7
2016-07-16,62.51,54.28
2016-08-01,61.09,52.27
2016-08-16,60.09,50.27
2016-09-01,63.47,52.94
2016-09-16,64.21,52.59
2016-10-01,64.58,52.51
2016-10-05,64.72,52.61
2016-10-16,66.45,55.38
2016-11-06,67.62,56.41
2016-11-16,65.93,54.71
2016-12-01,66.1,54.57
2016-12-17,68.94,56.68
2017-01-02,70.6,57.82
2017-01-16,71.14,59.02
2017-04-01,66.29,55.61
2017-04-16,68.07,56.83
2017-05-01,68.09,57.35
2017-05-16,65.32,54.9
2017-06-01,66.91,55.94
2017-06-16,65.48,54.49
2017-06-17,65.23,54.32
2017-06-18,64.91,54.14
2017-06-19,64.65,54.01
2017-06-20,64.55,53.96
2017-06-21,64.55,53.96
2017-06-22,64.44,53.94
2017-06-23,64.23,53.85
2017-06-24,63.99,53.76
2017-06-25,63.71,53.61
2017-06-26,63.55,53.53
2017-06-27,63.46,53.53
2017-06-28,63.46,53.53
2017-06-29,63.47,53.53
2017-06-30,63.31,53.46
2017-07-01,63.09,53.33
2017-07-02,63.06,53.36
2017-07-03,63.13,53.47
2017-07-04,63.08,53.44
2017-07-05,63.08,53.44
2017-07-06,63.19,53.61
2017-07-07,63.33,53.82
2017-07-08,63.46,54.06
2017-07-09,63.65,54.32
2017-07-10,63.83,54.55
2017-07-11,63.93,54.74
2017-07-12,63.93,54.74
2017-07-13,63.91,54.7
2017-07-14,63.89,54.66
2017-07-15,64.03,54.85
2017-07-16,64.11,54.93
2017-07-17,64.15,54.99
2017-07-18,64.21,55.04
2017-07-19,64.21,55.04
2017-07-20,64.25,55.05
2017-07-21,64.28,55.02
2017-07-22,64.3,54.95
2017-07-23,64.4,54.93
2017-07-24,64.53,54.94
2017-07-25,64.57,54.95
2017-07-26,64.57,54.95
2017-07-27,64.59,54.94
2017-07-28,64.69,55.03
2017-07-29,64.87,55.19
2017-07-30,65.0,55.31
2017-07-31,65.26,55.5
2017-08-01,65.4,55.58
2017-08-02,65.47,55.64
2017-08-03,65.69,55.85
2017-08-04,66.0,56.1
2017-08-05,66.28,56.33
2017-08-06,66.51,56.54
2017-08-07,66.66,56.61
2017-08-08,66.75,56.72
2017-08-09,66.81,56.78
2017-08-10,66.96,56.81
2017-08-11,67.27,56.98
2017-08-12,67.5,57.15
2017-08-13,67.76,57.24
2017-08-14,67.95,57.25
2017-08-15,68.08,57.3
2017-08-16,68.14,57.36
2017-08-17,68.24,57.39
2017-08-18,68.29,57.28
2017-08-19,68.37,57.19
2017-08-20,68.38,57.07
2017-08-21,68.54,57.01
2017-08-22,68.67,57.05
2017-08-23,68.73,57.05
2017-08-24,68.88,57.06
2017-08-25,69.01,57.02
2017-08-26,69.02,56.97
2017-08-27,69.06,57.03
2017-08-28,69.09,57.03
2017-08-29,69.12,57.02
2017-08-30,69.12,57.01
2017-08-31,69.15,57.05
2017-09-01,69.26,57.13
2017-09-02,69.43,57.21
2017-09-03,69.55,57.28
2017-09-04,69.66,57.38
2017-09-05,69.71,57.46
2017-09-06,69.71,57.46
2017-09-07,69.8,57.59
2017-09-08,69.89,57.78
2017-09-09,70.03,58.06
2017-09-10,70.17,58.37
2017-09-11,70.3,58.62
2017-09-12,70.38,58.72
2017-09-13,70.38,58.72
2017-09-14,70.39,58.74
2017-09-15,70.43,58.8
2017-09-16,70.48,58.84
2017-09-17,70.51,58.88
2017-09-18,70.51,58.91
2017-09-19,70.52,58.85
2017-09-20,70.52,58.79
2017-09-21,70.52,58.69
2017-09-22,70.47,58.69
2017-09-23,70.42,58.69
2017-09-24,70.39,58.72
2017-09-25,70.41,58.72
2017-09-26,70.41,58.68
2017-09-27,70.41,58.68
2017-09-28,70.46,58.7
2017-09-29,70.56,58.78
2017-09-30,70.66,58.86
2017-10-01,70.76,58.92
2017-10-02,70.83,59.07
2017-10-03,70.88,59.14
2017-10-04,68.38,56.89
2017-10-05,68.38,56.9
2017-10-06,68.36,56.95
2017-10-07,68.35,56.94
2017-10-08,68.39,56.96
2017-10-09,68.45,57.0
2017-10-10,68.45,57.0
2017-10-11,68.48,57.03
2017-10-12,68.45,57.01
2017-10-13,68.43,57.01
2017-10-14,68.38,56.98
2017-10-15,68.33,56.94
2017-10-16,68.29,56.91
2017-10-17,68.26,56.87
2017-10-18,68.26,56.87
2017-10-19,68.33,56.95
2017-10-20,68.4,56.98
2017-10-21,68.44,57.01
2017-10-22,68.58,57.1
2017-10-23,68.6,57.12
2017-10-24,68.6,57.12
2017-10-25,68.62,57.15
2017-10-26,68.65,57.21
2017-10-27,68.72,57.28
2017-10-28,68.84,57.43
2017-10-29,68.92,57.51
2017-10-30,69.07,57.64
2017-10-31,69.13,57.7
2017-11-01,69.14,57.73
2017-11-02,69.25,57.83
2017-11-03,69.34,57.93
2017-11-04,69.47,58.03
2017-11-05,69.55,58.08
2017-11-06,69.69,58.16
2017-11-07,69.8,58.26
2017-11-08,69.8,58.26
2017-11-09,69.85,58.31
2017-11-10,69.85,58.31
2017-11-11,69.81,58.31
2017-11-12,69.78,58.31
2017-11-13,69.78,58.31
2017-11-14,69.73,58.34
2017-11-15,69.68,58.32
2017-11-16,69.65,58.31
2017-11-17,69.61,58.31
2017-11-18,69.57,58.33
2017-11-19,69.54,58.31
2017-11-20,69.51,58.33
2017-11-21,69.53,58.33
2017-11-22,69.48,58.3
2017-11-23,69.43,58.3
2017-11-24,69.41,58.33
2017-11-25,69.36,58.33
2017-11-26,69.32,58.34
2017-11-27,69.28,58.34
2017-11-28,69.26,58.37
2017-11-29,69.26,58.37
2017-11-30,69.24,58.39
2017-12-01,69.22,58.4
2017-12-02,69.22,58.42
2017-12-03,69.23,58.42
2017-12-04,69.23,58.44
2017-12-05,69.25,58.43
2017-12-06,69.24,58.45
2017-12-07,69.23,58.45
2017-12-08,69.19,58.44
2017-12-09,69.18,58.41
2017-12-10,69.15,58.37
2017-12-11,69.12,58.37
2017-12-12,69.09,58.34
2017-12-13,69.07,58.32
2017-12-14,69.07,58.33
2017-12-15,69.1,58.38
2017-12-16,69.13,58.44
2017-12-17,69.15,58.48
2017-12-18,69.19,58.55
2017-12-19,69.27,58.65
2017-12-20,69.35,58.75
2017-12-21,69.42,58.85
2017-12-22,69.5,58.91
2017-12-23,69.58,59.02
2017-12-24,69.56,59.11
2017-12-25,69.65,59.2
2017-12-26,69.63,59.31
2017-12-27,69.72,59.38
2017-12-28,69.81,59.47
2017-12-29,69.9,59.56
2017-12-30,69.94,59.59
2017-12-31,69.97,59.64
2018-01-01,69.97,59.7
2018-01-02,69.97,59.76
2018-01-03,69.97,59.82
2018-01-04,69.97,59.89
2018-01-05,69.99,59.94
2018-01-06,70.13,60.12
2018-01-07,70.28,60.31
2018-01-08,70.43,60.49
2018-01-09,70.53,60.66
2018-01-10,70.62,60.81
2018-01-11,70.66,60.99
2018-01-12,70.73,61.18
2018-01-13,70.92,61.38
2018-01-14,71.06,61.56
2018-01-15,71.18,61.74
2018-01-16,71.27,61.88
2018-01-17,71.39,62.06
2018-01-18,71.56,62.25
2018-01-19,71.7,62.44
2018-01-20,71.89,62.63
2018-01-21,72.08,62.83
2018-01-22,72.23,63.01
2018-01-23,72.38,63.2
2018-01-24,72.43,63.38
2018-01-25,72.49,63.53
2018-01-26,72.63,63.65
2018-01-27,72.72,63.75
2018-01-28,72.77,63.85
2018-01-29,72.84,63.93
2018-01-30,72.92,64.0
2018-01-31,72.92,64.0
2018-02-01,73.05,64.11
2018-02-02,73.1,64.11
2018-02-03,73.09,64.07
2018-02-04,73.16,64.07
2018-02-05,73.31,64.14
2018-02-06,73.38,64.22
2018-02-07,73.38,64.22
2018-02-08,73.37,64.15
2018-02-09,73.35,64.11
2018-02-10,73.33,64.05
2018-02-11,73.22,63.9
2018-02-12,73.01,63.62
2018-02-13,72.94,63.5
2018-02-14,72.94,63.5
2018-02-15,72.79,63.32
2018-02-16,72.52,63.02
2018-02-17,72.23,62.76
2018-02-18,72.07,62.56
2018-02-19,71.92,62.44
2018-02-20,71.73,62.29
2018-02-21,71.72,62.3
2018-02-22,71.7,62.29
2018-02-23,71.61,62.21
2018-02-24,71.52,62.14
2018-02-25,71.5,62.12
2018-02-26,71.53,62.17
2018-02-27,71.51,62.15
2018-02-28,71.51,62.15
2018-03-01,71.57,62.25
2018-03-02,71.75,62.48
2018-03-03,72.0,62.69
2018-03-04,72.26,62.88
2018-03-05,72.32,62.89
2018-03-06,72.39,62.96
2018-03-07,72.39,62.96
2018-03-08,72.39,62.91
2018-03-09,72.43,62.88
2018-03-10,72.46,62.88
2018-03-11,72.48,62.89
2018-03-12,72.45,62.87
2018-03-13,72.47,62.85
2018-03-14,72.47,62.85
2018-03-15,72.45,62.87
2018-03-16,72.37,62.81
2018-03-17,72.27,62.74
2018-03-18,72.2,62.71
2018-03-19,72.19,62.73
2018-03-20,72.2,62.8
2018-03-21,72.2,62.8
2018-03-22,72.26,62.88
2018-03-23,72.3,63.01
2018-03-24,72.38,63.2
2018-03-25,72.55,63.43
2018-03-26,72.79,63.66
2018-03-27,72.9,63.77
2018-03-28,72.9,63.77
2018-03-29,73.08,63.92
2018-03-30,73.31,64.14
2018-03-31,73.55,64.4
2018-04-01,73.73,64.58
2018-04-02,73.83,64.69
2018-04-03,73.95,64.82
2018-04-04,73.95,64.82
2018-04-05,73.98,64.85
2018-04-06,73.98,64.88
2018-04-07,74.0,64.92
2018-04-08,74.03,64.96
2018-04-09,73.99,64.93
2018-04-10,73.98,64.96
2018-04-11,73.98,64.96
2018-04-12,73.94,64.93
2018-04-13,73.91,64.96
2018-04-14,73.93,65.01
2018-04-15,73.98,65.09
2018-04-16,74.02,65.18
2018-04-17,74.02,65.18
2018-04-18,74.02,65.18
2018-04-19,74.07,65.27
2018-04-20,74.08,65.31
2018-04-21,74.21,65.46
2018-04-22,74.4,65.65
2018-04-23,74.5,65.75
2018-04-24,74.63,65.93
2018-04-25,74.63,65.93
2018-04-26,74.63,65.93
2018-04-27,74.63,65.93
2018-04-28,74.63,65.93
2018-04-29,74.63,65.93
2018-04-30,74.63,65.93
2018-05-01,74.63,65.93
2018-05-02,74.63,65.93
2018-05-03,74.63,65.93
2018-05-04,74.63,65.93
2018-05-05,74.63,65.93
2018-05-06,74.63,65.93
2018-05-07,74.63,65.93
2018-05-08,74.63,65.93
2018-05-09,74.63,65.93
2018-05-10,74.63,65.93
2018-05-11,74.63,65.93
2018-05-12,74.63,65.93
2018-05-13,74.63,65.93
2018-05-14,74.8,66.14
2018-05-15,74.95,66.36
2018-05-16,75.1,66.57
2018-05-17,75.32,66.79
2018-05-18,75.61,67.08
2018-05-19,75.91,67.31
2018-05-20,76.24,67.57
2018-05-21,76.57,67.82
2018-05-22,76.87,68.08
2018-05-23,77.17,68.34
2018-05-24,77.47,68.53
2018-05-25,77.83,68.75
2018-05-26,77.97,68.9
2018-05-27,78.12,69.06
2018-05-28,78.27,69.17
2018-05-29,78.43,69.31
2018-05-30,78.42,69.3
2018-05-31,78.35,69.25
2018-06-01,78.29,69.2
2018-06-02,78.2,69.11
2018-06-03,78.11,69.11
2018-06-04,77.96,68.97
2018-06-05,77.83,68.88
2018-06-06,77.72,68.8
2018-06-07,77.63,68.73
2018-06-08,77.42,68.58
2018-06-09,77.02,68.28
2018-06-10,76.78,68.1
2018-06-11,76.58,67.95
2018-06-12,76.43,67.85
2018-06-13,76.43,67.85
2018-06-14,76.43,67.85
2018-06-15,76.35,67.85
2018-06-16,76.35,67.85
2018-06-17,76.35,67.78
2018-06-18,76.35,67.78
2018-06-19,76.27,67.78
2018-06-20,76.27,67.78
2018-06-21,76.16,67.68
2018-06-22,76.02,67.68
2018-06-23,75.93,67.61
2018-06-24,75.79,67.54
2018-06-25,75.69,67.48
2018-06-26,75.55,67.38
2018-06-27,75.55,67.38
2018-06-28,75.55,67.38
2018-06-29,75.55,67.38
2018-06-30,75.55,67.38
2018-07-01,75.55,67.38
2018-07-02,75.55,67.38
2018-07-03,75.55,67.38
2018-07-04,75.55,67.38
2018-07-05,75.71,67.5
2018-07-06,75.85,67.66
2018-07-07,75.98,67.76
2018-07-08,76.13,67.86
2018-07-09,76.36,68.07
2018-07-10,76.53,68.23
2018-07-11,76.53,68.23
2018-07-12,76.59,68.3
2018-07-13,76.76,68.43
2018-07-14,76.95,68.61
2018-07-15,76.95,68.61
2018-07-16,76.84,68.47
2018-07-17,76.84,68.47
2018-07-18,76.84,68.47
2018-07-19,76.78,68.35
2018-07-20,76.62,68.23
2018-07-21,76.47,68.08
2018-07-22,76.37,67.98
2018-07-23,76.3,67.89
2018-07-24,76.23,67.79
2018-07-25,76.23,67.79
2018-07-26,76.23,67.79
2018-07-27,76.23,67.72
2018-07-28,76.16,67.62
2018-07-29,76.16,67.62
2018-07-30,76.25,67.75
2018-07-31,76.31,67.82
2018-08-01,76.31,67.82
2018-08-02,76.43,67.93
2018-08-03,76.5,68.02
2018-08-04,76.7,68.2
2018-08-05,76.85,68.32
2018-08-06,76.97,68.44
2018-08-07,77.06,68.5
2018-08-08,77.06,68.5
2018-08-09,77.06,68.5
2018-08-10,77.13,68.57
2018-08-11,77.23,68.71
2018-08-12,77.23,68.77
2018-08-13,77.14,68.72
2018-08-14,77.14,68.72
2018-08-15,77.14,68.72
2018-08-16,77.2,68.78
2018-08-17,77.2,68.86
2018-08-18,77.28,68.86
2018-08-19,77.4,68.92
2018-08-20,77.49,69.04
2018-08-21,77.58,69.1
2018-08-22,77.58,69.1
2018-08-23,77.58,69.1
2018-08-24,77.67,69.18
2018-08-25,77.67,69.18
2018-08-26,77.78,69.32
2018-08-27,77.91,69.46
2018-08-28,78.05,69.61
2018-08-29,78.18,69.75
2018-08-30,78.3,69.93
2018-08-31,78.52,70.21
2018-09-01,78.68,70.42
2018-09-02,78.84,70.76
2018-09-03,79.15,71.15
2018-09-04,79.31,71.34
2018-09-05,79.31,71.34
2018-09-06,79.51,71.55
2018-09-07,79.99,72.07
2018-09-08,80.38,72.51
2018-09-09,80.5,72.61
2018-09-10,80.73,72.83
2018-09-11,80.87,72.97
2018-09-12,80.87,72.97
2018-09-13,81.0,73.08
2018-09-14,81.28,73.3
2018-09-15,81.63,73.54
2018-09-16,81.91,73.72
2018-09-17,82.06,73.78
2018-09-18,82.16,73.87
2018-09-19,82.16,73.87
2018-09-20,82.22,73.87
2018-09-21,82.32,73.87
2018-09-22,82.44,73.87
2018-09-23,82.61,73.97
2018-09-24,82.72,74.02
2018-09-25,82.86,74.12
2018-09-26,82.86,74.12
2018-09-27,83.0,74.24
2018-09-28,83.22,74.42
2018-09-29,83.4,74.63
2018-09-30,83.49,74.79
2018-10-01,83.73,75.09
2018-10-02,83.85,75.25
2018-10-03,83.85,75.25
2018-10-04,84.0,75.45
2018-10-05,81.5,72.95
2018-10-06,81.68,73.24
2018-10-07,81.82,73.53
2018-10-08,82.03,73.82
2018-10-09,82.26,74.11
2018-10-10,82.26,74.35
2018-10-11,82.36,74.62
2018-10-12,82.48,74.9
2018-10-13,82.66,75.19
2018-10-14,82.72,75.38
2018-10-15,82.72,75.46
2018-10-16,82.83,75.69
2018-10-17,82.83,75.69
2018-10-18,82.62,75.58
2018-10-19,82.38,75.48
2018-10-20,81.99,75.36
2018-10-21,81.74,75.19
2018-10-22,81.44,74.92
2018-10-23,81.34,74.85
2018-10-24,81.25,74.85
2018-10-25,81.1,74.8
2018-10-26,80.85,74.73
2018-10-27,80.45,74.38
2018-10-28,80.05,74.05
2018-10-29,79.75,73.85
2018-10-30,79.55,73.78
2018-10-31,79.55,73.78
2018-11-01,79.37,73.78
2018-11-02,79.18,73.64
2018-11-03,78.99,73.53
2018-11-04,78.78,73.36
2018-11-05,78.56,73.16
2018-11-06,78.42,73.07
2018-11-07,78.42,73.07
2018-11-08,78.21,72.89
2018-11-09,78.06,72.74
2018-11-10,77.89,72.58
2018-11-11,77.73,72.46
2018-11-12,77.56,72.31
2018-11-13,77.43,72.19
2018-11-14,77.43,72.19
2018-11-15,77.28,72.09
2018-11-16,77.1,71.93
2018-11-17,76.91,71.74
2018-11-18,76.71,71.56
2018-11-19,76.52,71.39
2018-11-20,76.38,71.27
2018-11-21,76.38,71.27
2018-11-22,75.97,70.97
2018-11-23,75.57,70.56
2018-11-24,75.25,70.16
2018-11-25,74.84,69.7
2018-11-26,74.49,69.29
2018-11-27,74.07,68.89
2018-11-28,73.57,68.49
2018-11-29,73.24,68.13
2018-11-30,72.87,67.72
2018-12-01,72.53,67.35
2018-12-02,72.23,67.02
2018-12-03,71.93,66.66
2018-12-04,71.72,66.39
2018-12-05,71.72,66.39
2018-12-06,71.32,65.96
2018-12-07,70.92,65.55
2018-12-08,70.7,65.3
2018-12-09,70.55,65.09
2018-12-10,70.31,64.82
2018-12-11,70.2,64.66
2018-12-12,70.2,64.66
2018-12-13,70.29,64.66
2018-12-14,70.29,64.57
2018-12-15,70.34,64.5
2018-12-16,70.34,64.38
2018-12-17,70.53,64.47
2018-12-18,70.63,64.54
2018-12-19,70.63,64.54
2018-12-20,70.63,64.54
2018-12-21,70.46,64.39
2018-12-22,70.27,64.19
2018-12-23,70.07,64.01
2018-12-24,69.86,63.83
2018-12-25,69.79,63.83
2018-12-26,69.79,63.83
2018-12-27,69.74,63.76
2018-12-28,69.55,63.62
2018-12-29,69.26,63.32
2018-12-30,69.04,63.09
2018-12-31,68.84,62.86
2019-01-01,68.65,62.66
2019-01-02,68.65,62.66
2019-01-03,68.65,62.66
2019-01-04,68.44,62.44
2019-01-05,68.29,62.26
2019-01-06,68.29,62.16
2019-01-07,68.5,62.24
2019-01-08,68.5,62.24
2019-01-09,68.5,62.24
2019-01-10,68.88,62.53
2019-01-11,69.07,62.81
2019-01-12,69.26,63.1
2019-01-13,69.75,63.69
2019-01-14,70.13,64.18
2019-01-15,70.41,64.47
2019-01-16,70.33,64.59
2019-01-17,70.47,64.78
2019-01-18,70.55,64.97
2019-01-19,70.72,65.16
2019-01-20,70.95,65.45
2019-01-21,71.14,65.71
2019-01-22,71.27,65.9
2019-01-23,71.27,65.9
2019-01-24,71.27,65.9
2019-01-25,71.27,66.0
2019-01-26,71.27,66.0
2019-01-27,71.27,66.0
2019-01-28,71.27,66.0
2019-01-29,71.19,65.89
2019-01-30,71.19,65.89
2019-01-31,71.09,65.81
2019-02-01,70.94,65.71
2019-02-02,70.84,65.71
2019-02-03,70.74,65.71
2019-02-04,70.59,65.61
2019-02-05,70.44,65.51
2019-02-06,70.44,65.51
2019-02-07,70.44,65.56
2019-02-08,70.38,65.56
2019-02-09,70.28,65.56
2019-02-10,70.28,65.56
2019-02-11,70.33,65.62
2019-02-12,70.33,65.62
2019-02-13,70.33,65.62
2019-02-14,70.39,65.67
2019-02-15,70.46,65.73
2019-02-16,70.6,65.86
2019-02-17,70.76,65.98
2019-02-18,70.91,66.11
2019-02-19,71.0,66.17
2019-02-20,71.0,66.17
2019-02-21,71.15,66.33
2019-02-22,71.29,66.48
2019-02-23,71.35,66.55
2019-02-24,71.42,66.64
2019-02-25,71.57,66.8
2019-02-26,71.66,66.92
2019-02-27,71.66,66.92
2019-02-28,71.73,67.0
2019-03-01,71.81,67.12
2019-03-02,71.94,67.27
2019-03-03,72.07,67.41
2019-03-04,72.17,67.54
2019-03-05,72.24,67.64
2019-03-06,72.24,67.64
2019-03-07,72.24,67.64
2019-03-08,72.24,67.54
2019-03-09,72.31,67.54
2019-03-10,72.4,67.54
2019-03-11,72.46,67.44
2019-03-12,72.41,67.37
2019-03-13,72.41,67.37
2019-03-14,72.48,67.32
2019-03-15,72.55,67.22
2019-03-16,72.63,67.15
2019-03-17,72.71,67.06
2019-03-18,72.78,66.91
2019-03-19,72.78,66.8
2019-03-20,72.78,66.8
2019-03-21,72.71,66.72
2019-03-22,72.76,66.65
2019-03-23,72.81,66.6
2019-03-24,72.86,66.6
2019-03-25,72.86,66.49
2019-03-26,72.86,66.49
2019-03-27,72.86,66.49
2019-03-28,72.81,66.39
2019-03-29,72.81,66.3
2019-03-30,72.86,66.22
2019-03-31,72.86,66.14
2019-04-01,72.86,66.09
2019-04-02,72.86,66.09
2019-04-03,72.86,66.09
2019-04-04,72.86,66.14
2019-04-05,72.91,66.14
2019-04-06,72.91,66.19
2019-04-07,72.85,66.11
2019-04-08,72.85,66.11
2019-04-09,72.8,66.11
2019-04-10,72.8,66.11
2019-04-11,72.8,66.11
2019-04-12,72.86,66.19
2019-04-13,72.86,66.19
2019-04-14,72.92,66.26
2019-04-15,72.98,66.26
2019-04-16,72.93,66.31
2019-04-17,72.93,66.31
2019-04-18,72.93,66.31
2019-04-19,73.0,66.31
2019-04-20,73.0,66.39
2019-04-21,72.95,66.46
2019-04-22,72.95,66.46
2019-04-23,72.95,66.46
2019-04-24,72.95,66.46
2019-04-25,73.02,66.54
2019-04-26,73.02,66.61
2019-04-27,73.08,66.61
2019-04-28,73.08,66.61
2019-04-29,73.08,66.66
2019-04-30,73.13,66.71
2019-05-01,73.13,66.71
2019-05-02,73.07,66.66
2019-05-03,73.07,66.66
2019-05-04,73.13,66.71
2019-05-05,73.07,66.66
2019-05-06,73.0,66.66
2019-05-07,73.0,66.66
2019-05-08,73.0,66.66
2019-05-09,72.84,66.56
2019-05-10,72.63,66.47
2019-05-11,72.15,66.28
2019-05-12,71.73,66.11
2019-05-13,71.43,65.98
2019-05-14,71.18,65.86
2019-05-15,71.18,65.86
2019-05-16,71.18,65.91
2019-05-17,71.1,65.96
2019-05-18,71.03,65.96
2019-05-19,71.03,65.96
2019-05-20,71.12,66.11
2019-05-21,71.17,66.2
2019-05-22,71.17,66.2
2019-05-23,71.25,66.29
2019-05-24,71.39,66.45
2019-05-25,71.53,66.57
2019-05-26,71.67,66.64
2019-05-27,71.77,66.64
2019-05-28,71.86,66.69
2019-05-29,71.86,66.69
2019-05-30,71.8,66.63
2019-05-31,71.73,66.51
2019-06-01,71.62,66.36
2019-06-02,71.5,66.16
2019-06-03,71.3,65.76
2019-06-04,71.23,65.56
2019-06-05,71.23,65.56
2019-06-06,71.07,65.22
2019-06-07,70.94,64.9
2019-06-08,70.72,64.65
2019-06-09,70.56,64.5
2019-06-10,70.43,64.39
2019-06-11,70.43,64.39
2019-06-12,70.43,64.39
2019-06-13,70.35,64.33
2019-06-14,70.18,64.17
2019-06-15,69.99,63.93
2019-06-16,69.93,63.84
2019-06-17,69.93,63.84
2019-06-18,69.93,63.84
2019-06-19,69.93,63.84
2019-06-20,69.93,63.78
2019-06-21,69.93,63.78
2019-06-22,69.93,63.78
2019-06-23,69.98,63.84
2019-06-24,70.05,63.9
2019-06-25,70.05,63.9
2019-06-26,70.05,63.9
2019-06-27,70.12,63.95
2019-06-28,70.17,64.01
2019-06-29,70.28,64.11
2019-06-30,70.37,64.19
2019-07-01,70.44,64.27
2019-07-02,70.51,64.33
2019-07-03,70.51,64.33
2019-07-04,70.51,64.33
2019-07-05,70.51,64.33
2019-07-06,72.96,66.69
2019-07-07,72.96,66.69
2019-07-08,72.96,66.59
2019-07-09,72.9,66.49
2019-07-10,72.9,66.49
2019-07-11,72.9,66.34
2019-07-12,72.9,66.24
2019-07-13,72.99,66.24
2019-07-14,73.08,66.24
2019-07-15,73.21,66.24
2019-07-16,73.27,66.24
2019-07-17,73.27,66.24
2019-07-18,73.35,66.24
2019-07-19,73.35,66.24
2019-07-20,73.35,66.24
2019-07-21,73.35,66.24
2019-07-22,73.35,66.24
2019-07-23,73.41,66.24
2019-07-24,73.41,66.24
2019-07-25,73.35,66.18
2019-07-26,73.29,66.18
2019-07-27,73.24,66.18
2019-07-28,73.14,66.18
2019-07-29,72.99,66.07
2019-07-30,72.86,66.0
2019-07-31,72.86,66.0
2019-08-01,72.8,66.0
2019-08-02,72.69,66.0
2019-08-03,72.62,66.0
2019-08-04,72.52,65.94
2019-08-05,72.37,65.94
2019-08-06,72.28,65.94
2019-08-07,72.28,65.94
2019-08-08,72.23,65.88
2019-08-09,72.08,65.75
2019-08-10,72.08,65.64
2019-08-11,71.99,65.49
2019-08-12,71.99,65.43
2019-08-13,71.99,65.43
2019-08-14,71.99,65.43
2019-08-15,71.99,65.43
2019-08-16,71.99,65.43
2019-08-17,71.99,65.38
2019-08-18,71.91,65.26
2019-08-19,71.84,65.18
2019-08-20,71.84,65.11
2019-08-21,71.84,65.11
2019-08-22,71.84,65.11
2019-08-23,71.84,65.11
2019-08-24,71.92,65.16
2019-08-25,71.99,65.26
2019-08-26,72.07,65.35
2019-08-27,72.07,65.35
2019-08-28,72.07,65.35
2019-08-29,72.01,65.3
2019-08-30,72.01,65.25
2019-08-31,72.01,65.25
2019-09-01,72.01,65.25
2019-09-02,72.01,65.25
2019-09-03,72.01,65.25
2019-09-04,72.01,65.25
2019-09-05,71.95,65.2
2019-09-06,71.86,65.14
2019-09-07,71.77,65.09
2019-09-08,71.71,65.09
2019-09-09,71.71,65.09
2019-09-10,71.76,65.14
2019-09-11,71.76,65.14
2019-09-12,71.82,65.19
2019-09-13,71.89,65.28
2019-09-14,71.97,65.37
2019-09-15,72.03,65.43
2019-09-16,72.03,65.43
2019-09-17,72.17,65.58
2019-09-18,72.42,65.82
2019-09-19,72.71,66.01
2019-09-20,73.06,66.29
2019-09-21,73.35,66.53
2019-09-22,73.62,66.74
2019-09-23,73.91,66.93
2019-09-24,74.13,67.07
2019-09-25,74.13,67.07
2019-09-26,74.19,67.14
2019-09-27,74.34,67.24
2019-09-28,74.34,67.24
2019-09-29,74.34,67.24
2019-09-30,74.42,67.33
2019-10-01,74.61,67.49
2019-10-02,74.61,67.49
2019-10-03,74.51,67.43
2019-10-04,74.33,67.35
2019-10-05,74.04,67.15
2019-10-06,73.89,67.03
2019-10-07,73.76,66.91
2019-10-08,73.59,66.81
2019-10-09,73.59,66.81
2019-10-10,73.54,66.75
2019-10-11,73.42,66.6
2019-10-12,73.32,66.46
2019-10-13,73.32,66.46
2019-10-14,73.32,66.46
2019-10-15,73.27,66.41
2019-10-16,73.27,66.41
2019-10-17,73.27,66.41
2019-10-18,73.27,66.31
2019-10-19,73.27,66.24
2019-10-20,73.27,66.17
2019-10-21,73.27,66.17
2019-10-22,73.22,66.11
2019-10-23,73.22,66.11
2019-10-24,73.17,66.06
2019-10-25,73.06,66.0
2019-10-26,72.98,65.95
2019-10-27,72.98,65.95
2019-10-28,72.98,65.95
2019-10-29,72.92,65.85
2019-10-30,72.92,65.85
2019-10-31,72.92,65.85
2019-11-01,72.86,65.8
2019-11-02,72.81,65.8
2019-11-03,72.74,65.8
2019-11-04,72.65,65.75
2019-11-05,72.6,65.75
2019-11-06,72.6,65.75
2019-11-07,72.6,65.75
2019-11-08,72.7,65.84
2019-11-09,72.85,65.91
2019-11-10,73.05,65.91
2019-11-11,73.2,65.85
2019-11-12,73.3,65.79
2019-11-13,73.3,65.79
2019-11-14,73.45,65.79
2019-11-15,73.63,65.79
2019-11-16,73.77,65.79
2019-11-17,73.89,65.79
2019-11-18,74.05,65.79
2019-11-19,74.2,65.84
2019-11-20,74.2,65.84
2019-11-21,74.2,65.84
2019-11-22,74.35,65.84
2019-11-23,74.44,65.79
2019-11-24,74.54,65.73
2019-11-25,74.66,65.73
2019-11-26,74.76,65.73
2019-11-27,74.76,65.73
2019-11-28,74.76,65.73
2019-11-29,74.81,65.78
2019-11-30,74.86,65.78
2019-12-01,74.91,65.78
2019-12-02,74.91,65.78
2019-12-03,74.91,65.78
2019-12-04,74.91,65.78
2019-12-05,74.91,65.78
2019-12-06,74.86,65.78
2019-12-07,74.86,65.84
2019-12-08,74.95,65.94
2019-12-09,75.0,66.04
2019-12-10,75.0,66.04
2019-12-11,75.0,66.04
2019-12-12,74.95,66.04
2019-12-13,74.89,66.04
2019-12-14,74.84,66.04
2019-12-15,74.74,66.04
2019-12-16,74.69,66.04
2019-12-17,74.63,66.04
2019-12-18,74.63,66.04
2019-12-19,74.63,66.19
2019-12-20,74.63,66.34
2019-12-21,74.63,66.54
2019-12-22,74.63,66.74
2019-12-23,74.63,66.94
2019-12-24,74.63,66.99
2019-12-25,74.63,66.99
2019-12-26,74.68,67.09
2019-12-27,74.74,67.24
2019-12-28,74.74,67.41
2019-12-29,74.88,67.6
2019-12-30,75.04,67.78
2019-12-31,75.14,67.96
2020-01-01,75.14,67.96
2020-01-02,75.25,68.1
2020-01-03,75.35,68.25
2020-01-04,75.45,68.4
2020-01-05,75.54,68.51
2020-01-06,75.69,68.68
2020-01-07,75.74,68.79
2020-01-08,75.74,68.79
2020-01-09,75.81,68.94
2020-01-10,75.96,69.05
2020-01-11,76.01,69.17
2020-01-12,75.9,69.11
2020-01-13,75.8,69.06
2020-01-14,75.7,69.06
2020-01-15,75.7,69.06
2020-01-16,75.55,68.92
2020-01-17,75.41,68.77
2020-01-18,75.26,68.61
2020-01-19,75.09,68.45
2020-01-20,74.98,68.26
2020-01-21,74.82,68.05
2020-01-22,74.82,68.05
2020-01-23,74.65,67.86
2020-01-24,74.43,67.61
2020-01-25,74.16,67.31
2020-01-26,73.86,66.96
2020-01-27,73.71,66.71
2020-01-28,73.6,66.58
2020-01-29,73.6,66.58
2020-01-30,73.36,66.36
2020-01-31,73.27,66.28
2020-02-01,73.19,66.22
2020-02-02,73.1,66.14
2020-02-03,73.04,66.09
2020-02-04,72.98,66.04
2020-02-05,72.98,66.04
2020-02-06,72.89,65.92
2020-02-07,72.68,65.68
2020-02-08,72.45,65.43
2020-02-09,72.23,65.23
2020-02-10,72.1,65.07
2020-02-11,71.94,64.87
2020-02-12,71.94,64.87
2020-02-13,71.94,64.82
2020-02-14,71.94,64.77
2020-02-15,71.94,64.77
2020-02-16,71.94,64.7
2020-02-17,71.94,64.7
2020-02-18,71.89,64.65
2020-02-19,71.89,64.65
2020-02-20,71.89,64.65
2020-02-21,71.89,64.65
2020-02-22,71.94,64.65
2020-02-23,72.01,64.7
2020-02-24,72.01,64.7
2020-02-25,72.01,64.7
2020-02-26,72.01,64.7
2020-02-27,71.96,64.65
2020-02-28,71.96,64.6
2020-02-29,71.89,64.51
2020-03-01,71.71,64.3
2020-03-02,71.49,64.1
2020-03-03,71.44,64.03
2020-03-04,71.44,64.03
2020-03-05,71.29,63.94
2020-03-06,71.14,63.81
2020-03-07,71.02,63.69
2020-03-08,70.83,63.51
2020-03-09,70.59,63.26
2020-03-10,70.29,63.01
2020-03-11,70.29,63.01
2020-03-12,70.14,62.89
2020-03-13,70.0,62.74
2020-03-14,69.87,62.58
2020-03-15,69.75,62.44
2020-03-16,69.59,62.29
2020-03-17,69.59,62.29
2020-03-18,69.59,62.29
2020-03-19,69.59,62.29
2020-03-20,69.59,62.29
2020-03-21,69.59,62.29
2020-03-22,69.59,62.29
2020-03-23,69.59,62.29
2020-03-24,69.59,62.29
2020-03-25,69.59,62.29
2020-03-26,69.59,62.29
2020-03-27,69.59,62.29
2020-03-28,69.59,62.29
2020-03-29,69.59,62.29
2020-03-30,69.59,62.29
2020-03-31,69.59,62.29
2020-04-01,69.59,62.29
2020-04-02,69.59,62.29
2020-04-03,69.59,62.29
2020-04-04,69.59,62.29
2020-04-05,69.59,62.29
2020-04-06,69.59,62.29
2020-04-07,69.59,62.29
2020-04-08,69.59,62.29
2020-04-09,69.59,62.29
2020-04-10,69.59,62.29
2020-04-11,69.59,62.29
2020-04-12,69.59,62.29
2020-04-13,69.59,62.29
2020-04-14,69.59,62.29
2020-04-15,69.59,62.29
2020-04-16,69.59,62.29
2020-04-17,69.59,62.29
2020-04-18,69.59,62.29
2020-04-19,69.59,62.29
2020-04-20,69.59,62.29
2020-04-21,69.59,62.29
2020-04-22,69.59,62.29
2020-04-23,69.59,62.29
2020-04-24,69.59,62.29
2020-04-25,69.59,62.29
2020-04-26,69.59,62.29
2020-04-27,69.59,62.29
2020-04-28,69.59,62.29
2020-04-29,69.59,62.29
2020-04-30,69.59,62.29
2020-05-01,69.59,62.29
2020-05-02,69.59,62.29
2020-05-03,69.59,62.29
2020-05-04,69.59,62.29
2020-05-05,71.26,69.39
2020-05-06,71.26,69.39
2020-05-07,71.26,69.39
2020-05-08,71.26,69.39
2020-05-09,71.26,69.39
2020-05-10,71.26,69.39
2020-05-11,71.26,69.39
2020-05-12,71.26,69.39
2020-05-13,71.26,69.39
2020-05-14,71.26,69.39
2020-05-15,71.26,69.39
2020-05-16,71.26,69.39
2020-05-17,71.26,69.39
2020-05-18,71.26,69.39
2020-05-19,71.26,69.39
2020-05-20,71.26,69.39
2020-05-21,71.26,69.39
2020-05-22,71.26,69.39
2020-05-23,71.26,69.39
2020-05-24,71.26,69.39
2020-05-25,71.26,69.39
2020-05-26,71.26,69.39
2020-05-27,71.26,69.39
2020-05-28,71.26,69.39
2020-05-29,71.26,69.39
2020-05-30,71.26,69.39
2020-05-31,71.26,69.39
2020-06-01,71.26,69.39
2020-06-02,71.26,69.39
2020-06-03,71.26,69.39
2020-06-04,71.26,69.39
2020-06-05,71.26,69.39
2020-06-06,71.26,69.39
2020-06-07,71.86,69.99
2020-06-08,72.46,70.59
2020-06-09,73.0,71.17
2020-06-10,73.4,71.62
2020-06-11,74.0,72.22
2020-06-12,74.57,72.81
2020-06-13,75.16,73.39
2020-06-14,75.78,74.03
2020-06-15,76.26,74.62
2020-06-16,76.73,75.19
2020-06-17,77.28,75.79
2020-06-18,77.81,76.43
2020-06-19,78.37,77.06
2020-06-20,78.88,77.67
2020-06-21,79.23,78.27
2020-06-22,79.56,78.85
2020-06-23,79.76,79.4
2020-06-24,79.76,79.88
2020-06-25,79.92,80.02
2020-06-26,80.13,80.19
2020-06-27,80.38,80.4
2020-06-28,80.38,80.4
2020-06-29,80.43,80.53
2020-06-30,80.43,80.53
2020-07-01,80.43,80.53
2020-07-02,80.43,80.53
2020-07-03,80.43,80.53
2020-07-04,80.43,80.53
2020-07-05,80.43,80.53
2020-07-06,80.43,80.53
2020-07-07,80.43,80.78
2020-07-08,80.43,80.78
2020-07-09,80.43,80.78
2020-07-10,80.43,80.78
2020-07-11,80.43,80.78
2020-07-12,80.43,80.94
2020-07-13,80.43,81.05
2020-07-14,80.43,81.05
2020-07-15,80.43,81.18
2020-07-16,80.43,81.18
2020-07-17,80.43,81.35
2020-07-18,80.43,81.52
2020-07-19,80.43,81.52
2020-07-20,80.43,81.64
2020-07-21,80.43,81.64
2020-07-22,80.43,81.64
2020-07-23,80.43,81.64
2020-07-24,80.43,81.64
2020-07-25,80.43,81.79
2020-07-26,80.43,81.94
2020-07-27,80.43,81.94
2020-07-28,80.43,81.94
2020-07-29,80.43,81.94
2020-07-30,80.43,81.94
2020-07-31,80.43,73.56
2020-08-01,80.43,73.56
2020-08-02,80.43,73.56
2020-08-03,80.43,73.56
2020-08-04,80.43,73.56
2020-08-05,80.43,73.56
2020-08-06,80.43,73.56
2020-08-07,80.43,73.56
2020-08-08,80.43,73.56
2020-08-09,80.43,73.56
2020-08-10,80.43,73.56
2020-08-11,80.43,73.56
2020-08-12,80.43,73.56
2020-08-13,80.43,73.56
2020-08-14,80.43,73.56
2020-08-15,80.43,73.56
2020-08-16,80.57,73.56
2020-08-17,80.73,73.56
2020-08-18,80.9,73.56
2020-08-19,80.9,73.56
2020-08-20,81.0,73.56
2020-08-21,81.19,73.56
2020-08-22,81.35,73.56
2020-08-23,81.49,73.56
2020-08-24,81.62,73.56
2020-08-25,81.73,73.56
2020-08-26,81.73,73.56
2020-08-27,81.83,73.56
2020-08-28,81.94,73.56
2020-08-29,81.94,73.56
2020-08-30,82.03,73.56
2020-08-31,82.03,73.56
2020-09-01,82.08,73.56
2020-09-02,82.08,73.56
2020-09-03,82.08,73.4
2020-09-04,82.08,73.4
2020-09-05,82.08,73.27
2020-09-06,82.08,73.27
2020-09-07,82.08,73.16
2020-09-08,82.08,73.16
2020-09-09,82.08,73.16
2020-09-10,81.99,73.05
2020-09-11,81.99,73.05
2020-09-12,81.86,72.93
2020-09-13,81.86,72.93
2020-09-14,81.72,72.78
2020-09-15,81.55,72.56
2020-09-16,81.55,72.56
2020-09-17,81.4,72.37
2020-09-18,81.14,72.02
2020-09-19,81.14,71.82
2020-09-20,81.14,71.58
2020-09-21,81.14,71.43
2020-09-22,81.06,71.28
2020-09-23,81.06,71.28
2020-09-24,81.06,71.28
2020-09-25,81.06,71.1
2020-09-26,81.06,70.94
2020-09-27,81.06,70.8
2020-09-28,81.06,70.71
2020-09-29,81.06,70.63
2020-09-30,81.06,70.63
2020-10-01,81.06,70.53
2020-10-02,81.06,70.46
2020-10-03,81.06,70.46
2020-10-04,81.06,70.46
2020-10-05,81.06,70.46
2020-10-06,81.06,70.46
2020-10-07,81.06,70.46
2020-10-08,81.06,70.46
2020-10-09,81.06,70.46
2020-10-10,81.06,70.46
2020-10-11,81.06,70.46
2020-10-12,81.06,70.46
2020-10-13,81.06,70.46
2020-10-14,81.06,70.46
2020-10-15,81.06,70.46
2020-10-16,81.06,70.46
2020-10-17,81.06,70.46
2020-10-18,81.06,70.46
2020-10-19,81.06,70.46
2020-10-20,81.06,70.46
2020-10-21,81.06,70.46
2020-10-22,81.06,70.46
2020-10-23,81.06,70.46
2020-10-24,81.06,70.46
2020-10-25,81.06,70.46
2020-10-26,81.06,70.46
2020-10-27,81.06,70.46
2020-10-28,81.06,70.46
2020-10-29,81.06,70.46
2020-10-30,81.06,70.46
2020-10-31,81.06,70.46
2020-11-01,81.06,70.46
2020-11-02,81.06,70.46
2020-11-03,81.06,70.46
2020-11-04,81.06,70.46
2020-11-05,81.06,70.46
2020-11-06,81.06,70.46
2020-11-07,81.06,70.46
2020-11-08,81.06,70.46
2020-11-09,81.06,70.46
2020-11-10,81.06,70.46
2020-11-11,81.06,70.46
2020-11-12,81.06,70.46
2020-11-13,81.06,70.46
2020-11-14,81.06,70.46
2020-11-15,81.06,70.46
2020-11-16,81.06,70.46
2020-11-17,81.06,70.46
2020-11-18,81.06,70.46
2020-11-19,81.06,70.46
2020-11-20,81.23,70.68
2020-11-21,81.38,70.88
2020-11-22,81.46,71.07
2020-11-23,81.53,71.25
2020-11-24,81.59,71.41
2020-11-25,81.59,71.41
2020-11-26,81.7,71.62
2020-11-27,81.89,71.86
2020-11-28,82.13,72.13
2020-11-29,82.34,72.42
2020-11-30,82.34,72.42
2020-12-01,82.34,72.42
2020-12-02,82.49,72.65
2020-12-03,82.66,72.84
2020-12-04,82.86,73.07
2020-12-05,83.13,73.32
2020-12-06,83.41,73.61
2020-12-07,83.71,73.87
2020-12-08,83.71,73.87
2020-12-09,83.71,73.87
2020-12-10,83.71,73.87
2020-12-11,83.71,73.87
2020-12-12,83.71,73.87
2020-12-13,83.71,73.87
2020-12-14,83.71,73.87
2020-12-15,83.71,73.87
2020-12-16,83.71,73.87
2020-12-17,83.71,73.87
2020-12-18,83.71,73.87
2020-12-19,83.71,73.87
2020-12-20,83.71,73.87
2020-12-21,83.71,73.87
2020-12-22,83.71,73.87
2020-12-23,83.71,73.87
2020-12-24,83.71,73.87
2020-12-25,83.71,73.87
2020-12-26,83.71,73.87
2020-12-27,83.71,73.87
2020-12-28,83.71,73.87
2020-12-29,83.71,73.87
2020-12-30,83.71,73.87
2020-12-31,83.71,73.87
2021-01-01,83.71,73.87
2021-01-02,83.71,73.87
2021-01-03,83.71,73.87
2021-01-04,83.71,73.87
2021-01-05,83.71,73.87
2021-01-06,83.97,74.12
2021-01-07,84.2,74.38
2021-01-08,84.2,74.38
2021-01-09,84.2,74.38
2021-01-10,84.2,74.38
2021-01-11,84.2,74.38
2021-01-12,84.2,74.38
2021-01-13,84.45,74.63
2021-01-14,84.7,74.88
2021-01-15,84.7,74.88
2021-01-16,84.7,74.88
2021-01-17,84.7,74.88
2021-01-18,84.95,75.13
2021-01-19,85.2,75.38
2021-01-20,85.2,75.38
2021-01-21,85.2,75.38
2021-01-22,85.45,75.63
2021-01-23,85.7,75.88
2021-01-24,85.7,75.88
2021-01-25,85.7,75.88
2021-01-26,86.05,76.23
2021-01-27,86.3,76.48
2021-01-28,86.3,76.48
2021-01-29,86.3,76.48
2021-01-30,86.3,76.48
2021-01-31,86.3,76.48
2021-02-01,86.3,76.48
2021-02-02,86.3,76.48
2021-02-03,86.3,76.48
2021-02-04,86.65,76.83
2021-02-05,86.95,77.13
2021-02-06,86.95,77.13
2021-02-07,86.95,77.13
2021-02-08,86.95,77.13
2021-02-09,87.3,77.48
2021-02-10,87.6,77.73
2021-02-11,87.85,78.03
2021-02-12,88.14,78.38
2021-02-13,88.44,78.74
2021-02-14,88.73,79.06
2021-02-15,88.99,79.35
2021-02-16,89.29,79.7
2021-02-17,89.54,79.95
2021-02-18,89.88,80.27
2021-02-19,90.19,80.6
2021-02-20,90.58,80.97
2021-02-21,90.58,80.97
2021-02-22,90.58,80.97
2021-02-23,90.93,81.32
2021-02-24,90.93,81.32
2021-02-25,90.93,81.32
2021-02-26,90.93,81.32
2021-02-27,91.17,81.47
2021-02-28,91.17,81.47
2021-03-01,91.17,81.47
2021-03-02,91.17,81.47
2021-03-03,91.17,81.47
2021-03-04,91.17,81.47
2021-03-05,91.17,81.47
2021-03-06,91.17,81.47
2021-03-07,91.17,81.47
2021-03-08,91.17,81.47
2021-03-09,91.17,81.47
2021-03-10,91.17,81.47
2021-03-11,91.17,81.47
2021-03-12,91.17,81.47
2021-03-13,91.17,81.47
2021-03-14,91.17,81.47
2021-03-15,91.17,81.47
2021-03-16,91.17,81.47
2021-03-17,91.17,81.47
2021-03-18,91.17,81.47
2021-03-19,91.17,81.47
2021-03-20,91.17,81.47
2021-03-21,91.17,81.47
2021-03-22,91.17,81.47
2021-03-23,91.17,81.47
2021-03-24,90.99,81.3
2021-03-25,90.78,81.1
2021-03-26,90.78,81.1
2021-03-27,90.78,81.1
2021-03-28,90.78,81.1
2021-03-29,90.78,81.1
2021-03-30,90.56,80.87
2021-03-31,90.56,80.87
2021-04-01,90.56,80.87
2021-04-02,90.56,80.87
2021-04-03,90.56,80.87
2021-04-04,90.56,80.87
2021-04-05,90.56,80.87
2021-04-06,90.56,80.87
2021-04-07,90.56,80.87
2021-04-08,90.56,80.87
2021-04-09,90.56,80.87
2021-04-10,90.56,80.87
2021-04-11,90.56,80.87
2021-04-12,90.56,80.87
2021-04-13,90.56,80.87
2021-04-14,90.56,80.87
2021-04-15,90.4,80.73
2021-04-16,90.4,80.73
2021-04-17,90.4,80.73
2021-04-18,90.4,80.73
2021-04-19,90.4,80.73
2021-04-20,90.4,80.73
2021-04-21,90.4,80.73
2021-04-22,90.4,80.73
2021-04-23,90.4,80.73
2021-04-24,90.4,80.73
2021-04-25,90.4,80.73
2021-04-26,90.4,80.73
2021-04-27,90.4,80.73
2021-04-28,90.4,80.73
2021-04-29,90.4,80.73
2021-04-30,90.4,80.73
2021-05-01,90.4,80.73
2021-05-02,90.4,80.73
2021-05-03,90.4,80.73
2021-05-04,90.55,80.91
2021-05-05,90.74,81.12
2021-05-06,90.99,81.42
2021-05-07,91.27,81.73
2021-05-08,91.27,81.73
2021-05-09,91.27,81.73
2021-05-10,91.53,82.06
2021-05-11,91.8,82.36
2021-05-12,92.05,82.61
2021-05-13,92.05,82.61
2021-05-14,92.34,82.95
2021-05-15,92.34,82.95
2021-05-16,92.58,83.22
2021-05-17,92.58,83.22
2021-05-18,92.85,83.51
2021-05-19,92.85,83.51
2021-05-20,92.85,83.51
2021-05-21,93.04,83.8
2021-05-22,93.04,83.8
2021-05-23,93.21,84.07
2021-05-24,93.21,84.07
2021-05-25,93.44,84.32
2021-05-26,93.44,84.32
2021-05-27,93.68,84.61
2021-05-28,93.68,84.61
2021-05-29,93.94,84.89
2021-05-30,93.94,84.89
2021-05-31,94.23,85.15
2021-06-01,94.49,85.38
2021-06-02,94.49,85.38
2021-06-03,94.49,85.38
2021-06-04,94.76,85.66
2021-06-05,94.76,85.66
2021-06-06,95.03,85.95
2021-06-07,95.31,86.22
2021-06-08,95.31,86.22
2021-06-09,95.56,86.47
2021-06-10,95.56,86.47
2021-06-11,95.85,86.75
2021-06-12,96.12,86.98
2021-06-13,96.12,86.98
2021-06-14,96.41,87.28
2021-06-15,96.41,87.28
2021-06-16,96.66,87.41
2021-06-17,96.66,87.41
2021-06-18,96.93,87.69
2021-06-19,96.93,87.69
2021-06-20,97.22,87.97
2021-06-21,97.22,87.97
2021-06-22,97.5,88.23
2021-06-23,97.5,88.23
2021-06-24,97.76,88.3
2021-06-25,97.76,88.3
2021-06-26,98.11,88.65
2021-06-27,98.46,88.9
2021-06-28,98.46,88.9
2021-06-29,98.81,89.18
2021-06-30,98.81,89.18
2021-07-01,98.81,89.18
2021-07-02,99.16,89.18
2021-07-03,99.16,89.18
2021-07-04,99.51,89.36
2021-07-05,99.86,89.36
2021-07-06,99.86,89.36
2021-07-07,100.21,89.53
2021-07-08,100.56,89.62
2021-07-09,100.56,89.62
2021-07-10,100.91,89.88
2021-07-11,100.91,89.88
2021-07-12,101.19,89.72
2021-07-13,101.19,89.72
2021-07-14,101.19,89.72
2021-07-15,101.54,89.87
2021-07-16,101.54,89.87
2021-07-17,101.84,89.87
2021-07-18,101.84,89.87
2021-07-19,101.84,89.87
2021-07-20,101.84,89.87
2021-07-21,101.84,89.87
2021-07-22,101.84,89.87
2021-07-23,101.84,89.87
2021-07-24,101.84,89.87
2021-07-25,101.84,89.87
2021-07-26,101.84,89.87
2021-07-27,101.84,89.87
2021-07-28,101.84,89.87
2021-07-29,101.84,89.87
2021-07-30,101.84,89.87
2021-07-31,101.84,89.87
2021-08-01,101.84,89.87
2021-08-02,101.84,89.87
2021-08-03,101.84,89.87
2021-08-04,101.84,89.87
2021-08-05,101.84,89.87
2021-08-06,101.84,89.87
2021-08-07,101.84,89.87
2021-08-08,101.84,89.87
2021-08-09,101.84,89.87
2021-08-10,101.84,89.87
2021-08-11,101.84,89.87
2021-08-12,101.84,89.87
2021-08-13,101.84,89.87
2021-08-14,101.84,89.87
2021-08-15,101.84,89.87
2021-08-16,101.84,89.87
2021-08-17,101.84,89.87
2021-08-18,101.84,89.67
2021-08-19,101.84,89.47
2021-08-20,101.84,89.27
2021-08-21,101.84,89.27
2021-08-22,101.64,89.07
2021-08-23,101.64,89.07
2021-08-24,101.49,88.92
2021-08-25,101.49,88.92
2021-08-26,101.49,88.92
2021-08-27,101.49,88.92
2021-08-28,101.49,88.92
2021-08-29,101.49,88.92
2021-08-30,101.49,88.92
2021-08-31,101.49,88.92
2021-09-01,101.34,88.77
2021-09-02,101.34,88.77
2021-09-03,101.34,88.77
2021-09-04,101.34,88.77
2021-09-05,101.19,88.62
2021-09-06,101.19,88.62
2021-09-07,101.19,88.62
2021-09-08,101.19,88.62
2021-09-09,101.19,88.62
2021-09-10,101.19,88.62
2021-09-11,101.19,88.62
2021-09-12,101.19,88.62
2021-09-13,101.19,88.62
2021-09-14,101.19,88.62
2021-09-15,101.19,88.62
2021-09-16,101.19,88.62
2021-09-17,101.19,88.62
2021-09-18,101.19,88.62
2021-09-19,101.19,88.62
2021-09-20,101.19,88.62
2021-09-21,101.19,88.62
2021-09-22,101.19,88.62
2021-09-23,101.19,88.62
2021-09-24,101.19,88.82
2021-09-25,101.19,88.82
2021-09-26,101.19,89.07
2021-09-27,101.19,89.32
2021-09-28,101.39,89.57
2021-09-29,101.39,89.57
2021-09-30,101.64,89.87
2021-10-01,101.89,90.17
2021-10-02,102.14,90.47
2021-10-03,102.39,90.77
2021-10-04,102.39,90.77
2021-10-05,102.64,91.07
2021-10-06,102.94,91.42
2021-10-07,103.24,91.77
2021-10-08,103.54,92.12
2021-10-09,103.84,92.47
2021-10-10,104.14,92.82
2021-10-11,104.44,93.17
2021-10-12,104.44,93.17
2021-10-13,104.44,93.17
2021-10-14,104.79,93.52
2021-10-15,105.14,93.87
2021-10-16,105.49,94.22
2021-10-17,105.84,94.57
2021-10-18,105.84,94.57
2021-10-19,105.84,94.57
2021-10-20,106.19,94.92
2021-10-21,106.54,95.27
2021-10-22,106.89,95.62
2021-10-23,107.24,95.97
2021-10-24,107.59,96.32
2021-10-25,107.59,96.32
2021-10-26,107.59,96.32
2021-10-27,107.94,96.67
2021-10-28,108.29,97.02
2021-10-29,108.64,97.37
2021-10-30,108.99,97.72
2021-10-31,109.34,98.07
2021-11-01,109.69,98.42
2021-11-02,110.04,98.42
2021-11-03,110.04,98.42
2021-11-04,103.97,86.67
2021-11-05,103.97,86.67
2021-11-06,103.97,86.67
2021-11-07,103.97,86.67
2021-11-08,103.97,86.67
2021-11-09,103.97,86.67
2021-11-10,103.97,86.67
2021-11-11,103.97,86.67
2021-11-12,103.97,86.67
2021-11-13,103.97,86.67
2021-11-14,103.97,86.67
2021-11-15,103.97,86.67
2021-11-16,103.97,86.67
2021-11-17,103.97,86.67
2021-11-18,103.97,86.67
2021-11-19,103.97,86.67
2021-11-20,103.97,86.67
2021-11-21,103.97,86.67
2021-11-22,103.97,86.67
2021-11-23,103.97,86.67
2021-11-24,103.97,86.67
2021-11-25,103.97,86.67
2021-11-26,103.97,86.67
2021-11-27,103.97,86.67
2021-11-28,103.97,86.67
2021-11-29,103.97,86.67
2021-11-30,103.97,86.67
2021-12-01,103.97,86.67
2021-12-02,95.41,86.67
2021-12-03,95.41,86.67
2021-12-04,95.41,86.67
2021-12-05,95.41,86.67
2021-12-06,95.41,86.67
2021-12-07,95.41,86.67
2021-12-08,95.41,86.67
2021-12-09,95.41,86.67
2021-12-10,95.41,86.67
2021-12-11,95.41,86.67
2021-12-12,95.41,86.67
2021-12-13,95.41,86.67
2021-12-14,95.41,86.67
2021-12-15,95.41,86.67
2021-12-16,95.41,86.67
2021-12-17,95.41,86.67
2021-12-18,95.41,86.67
2021-12-19,95.41,86.67
2021-12-20,95.41,86.67
2021-12-21,95.41,86.67
2021-12-22,95.41,86.67
2021-12-23,95.41,86.67
2021-12-24,95.41,86.67
2021-12-25,95.41,86.67
2021-12-26,95.41,86.67
2021-12-27,95.41,86.67
2021-12-28,95.41,86.67
2021-12-29,95.41,86.67
2021-12-30,95.41,86.67
2021-12-31,95.41,86.67
2022-01-01,95.41,86.67
2022-01-02,95.41,86.67
2022-01-03,95.41,86.67
2022-01-04,95.41,86.67
2022-01-05,95.41,86.67
2022-01-06,95.41,86.67
2022-01-07,95.41,86.67
2022-01-08,95.41,86.67
2022-01-09,95.41,86.67
2022-01-10,95.41,86.67
2022-01-11,95.41,86.67
2022-01-12,95.41,86.67
2022-01-13,95.41,86.67
2022-01-14,95.41,86.67
2022-01-15,95.41,86.67
2022-01-16,95.41,86.67
2022-01-17,95.41,86.67
2022-01-18,95.41,86.67
2022-01-19,95.41,86.67
2022-01-20,95.41,86.67
2022-01-21,95.41,86.67
2022-01-22,95.41,86.67
2022-01-23,95.41,86.67
2022-01-24,95.41,86.67
2022-01-25,95.41,86.67
2022-01-26,95.41,86.67
2022-01-27,95.41,86.67
2022-01-28,95.41,86.67
2022-01-29,95.41,86.67
2022-01-30,95.41,86.67
2022-01-31,95.41,86.67
2022-02-01,95.41,86.67
2022-02-02,95.41,86.67
2022-02-03,95.41,86.67
2022-02-04,95.41,86.67
2022-02-05,95.41,86.67
2022-02-06,95.41,86.67
2022-02-07,95.41,86.67
2022-02-08,95.41,86.67
2022-02-09,95.41,86.67
2022-02-10,95.41,86.67
2022-02-11,95.41,86.67
2022-02-12,95.41,86.67
2022-02-13,95.41,86.67
2022-02-14,95.41,86.67
2022-02-15,95.41,86.67
2022-02-16,95.41,86.67
2022-02-17,95.41,86.67
2022-02-18,95.41,86.67
2022-02-19,95.41,86.67
2022-02-20,95.41,86.67
2022-02-21,95.41,86.67
2022-02-22,95.41,86.67
2022-02-23,95.41,86.67
2022-02-24,95.41,86.67
2022-02-25,95.41,86.67
2022-02-26,95.41,86.67
2022-02-27,95.41,86.67
2022-02-28,95.41,86.67
2022-03-01,95.41,86.67
2022-03-02,95.41,86.67
2022-03-03,95.41,86.67
2022-03-04,95.41,86.67
2022-03-05,95.41,86.67
2022-03-06,95.41,86.67
2022-03-07,95.41,86.67
2022-03-08,95.41,86.67
2022-03-09,95.41,86.67
2022-03-10,95.41,86.67
2022-03-11,95.41,86.67
2022-03-12,95.41,86.67
2022-03-13,95.41,86.67
2022-03-14,95.41,86.67
2022-03-15,95.41,86.67
2022-03-16,95.41,86.67
2022-03-17,95.41,86.67
2022-03-18,95.41,86.67
2022-03-19,95.41,86.67
2022-03-20,95.41,86.67
2022-03-21,95.41,86.67
2022-03-22,96.21,87.47
2022-03-23,97.01,88.27
2022-03-24,97.01,88.27
2022-03-25,97.81,89.07
2022-03-26,98.61,89.87
2022-03-27,99.11,90.42
2022-03-28,99.41,90.77
2022-03-29,100.21,91.47
2022-03-30,101.01,92.27
2022-03-31,101.81,93.07
2022-04-01,101.81,93.07
2022-04-02,102.61,93.87
2022-04-03,103.41,94.67
2022-04-04,103.81,95.07
2022-04-05,104.61,95.87
2022-04-06,105.41,96.67
2022-04-07,105.41,96.67
2022-04-08,105.41,96.67
2022-04-09,105.41,96.67
2022-04-10,105.41,96.67
2022-04-11,105.41,96.67
2022-04-12,105.41,96.67
2022-04-13,105.41,96.67
2022-04-14,105.41,96.67
2022-04-15,105.41,96.67
2022-04-16,105.41,96.67
2022-04-17,105.41,96.67
2022-04-18,105.41,96.67
2022-04-19,105.41,96.67
2022-04-20,105.41,96.67
2022-04-21,105.41,96.67
2022-04-22,105.41,96.67
2022-04-23,105.41,96.67
2022-04-24,105.41,96.67
2022-04-25,105.41,96.67
2022-04-26,105.41,96.67
2022-04-27,105.41,96.67
2022-04-28,105.41,96.67
2022-04-29,105.41,96.67
2022-04-30,105.41,96.67
2022-05-01,105.41,96.67
2022-05-02,105.41,96.67
2022-05-03,105.41,96.67
2022-05-04,105.41,96.67
2022-05-05,105.41,96.67
2022-05-06,105.41,96.67
2022-05-07,105.41,96.67
2022-05-08,105.41,96.67
2022-05-09,105.41,96.67
2022-05-10,105.41,96.67
2022-05-11,105.41,96.67
2022-05-12,105.41,96.67
2022-05-13,105.41,96.67
2022-05-14,105.41,96.67
2022-05-15,105.41,96.67
2022-05-16,105.41,96.67
2022-05-17,105.41,96.67
2022-05-18,105.41,96.67
2022-05-19,105.41,96.67
2022-05-20,105.41,96.67
2022-05-21,105.41,96.67
2022-05-22,96.72,89.62
2022-05-23,96.72,89.62
2022-05-24,96.72,89.62
2022-05-25,96.72,89.62
2022-05-26,96.72,89.62
2022-05-27,96.72,89.62
2022-05-28,96.72,89.62
2022-05-29,96.72,89.62
2022-05-30,96.72,89.62
2022-05-31,96.72,89.62
2022-06-01,96.72,89.62
2022-06-02,96.72,89.62
2022-06-03,96.72,89.62
2022-06-04,96.72,89.62
2022-06-05,96.72,89.62
2022-06-06,96.72,89.62
2022-06-07,96.72,89.62
2022-06-08,96.72,89.62
2022-06-09,96.72,89.62
2022-06-10,96.72,89.62
2022-06-11,96.72,89.62
2022-06-12,96.72,89.62
2022-06-13,96.72,89.62
2022-06-14,96.72,89.62
2022-06-15,96.72,89.62
2022-06-16,96.72,89.62
2022-06-17,96.72,89.62
2022-06-18,96.72,89.62
2022-06-19,96.72,89.62
2022-06-20,96.72,89.62
2022-06-21,96.72,89.62
2022-06-22,96.72,89.62
2022-06-23,96.72,89.62
2022-06-24,96.72,89.62
2022-06-25,96.72,89.62
2022-06-26,96.72,89.62
2022-06-27,96.72,89.62
2022-06-28,96.72,89.62
2022-06-29,96.72,89.62
2022-06-30,96.72,89.62
2022-07-01,96.72,89.62
2022-07-02,96.72,89.62
2022-07-03,96.72,89.62
2022-07-04,96.72,89.62
2022-07-05,96.72,89.62
2022-07-06,96.72,89.62
2022-07-07,96.72,89.62
2022-07-08,96.72,89.62
2022-07-09,96.72,89.62
2022-07-10,96.72,89.62
2022-07-11,96.72,89.62
2022-07-12,96.72,89.62
2022-07-13,96.72,89.62
2022-07-14,96.72,89.62
2022-07-15,96.72,89.62
2022-07-16,96.72,89.62
2022-07-17,96.72,89.62
2022-07-18,96.72,89.62
2022-07-19,96.72,89.62
2022-07-20,96.72,89.62
2022-07-21,96.72,89.62
2022-07-22,96.72,89.62
2022-07-23,96.72,89.62
2022-07-24,96.72,89.62
2022-07-25,96.72,89.62
2022-07-26,96.72,89.62
2022-07-27,96.72,89.62
2022-07-28,96.72,89.62
2022-07-29,96.72,89.62
2022-07-30,96.72,89.62
2022-07-31,96.72,89.62
2022-08-01,96.72,89.62
2022-08-02,96.72,89.62
2022-08-03,96.72,89.62
2022-08-04,96.72,89.62
2022-08-05,96.72,89.62
2022-08-06,96.72,89.62
2022-08-07,96.72,89.62
2022-08-08,96.72,89.62
2022-08-09,96.72,89.62
2022-08-10,96.72,89.62
2022-08-11,96.72,89.62
2022-08-12,96.72,89.62
2022-08-13,96.72,89.62
2022-08-14,96.72,89.62
2022-08-15,96.72,89.62
2022-08-16,96.72,89.62
2022-08-17,96.72,89.62
2022-08-18,96.72,89.62
2022-08-19,96.72,89.62
2022-08-20,96.72,89.62
2022-08-21,96.72,89.62
2022-08-22,96.72,89.62
2022-08-23,96.72,89.62
2022-08-24,96.72,89.62
2022-08-25,96.72,89.62
2022-08-26,96.72,89.62
2022-08-27,96.72,89.62
2022-08-28,96.72,89.62
2022-08-29,96.72,89.62
2022-08-30,96.72,89.62
2022-08-31,96.72,89.62
2022-09-01,96.72,89.62
2022-09-02,96.72,89.62
2022-09-03,96.72,89.62
2022-09-04,96.72,89.62
2022-09-05,96.72,89.62
2022-09-06,96.72,89.62
2022-09-07,96.72,89.62
2022-09-08,96.72,89.62
2022-09-09,96.72,89.62
2022-09-10,96.72,89.62
2022-09-11,96.72,89.62
2022-09-12,96.72,89.62
2022-09-13,96.72,89.62
2022-09-14,96.72,89.62
2022-09-15,96.72,89.62
2022-09-16,96.72,89.62
2022-09-17,96.72,89.62
2022-09-18,96.72,89.62
2022-09-19,96.72,89.62
2022-09-20,96.72,89.62
2022-09-21,96.72,89.62
2022-09-22,96.72,89.62
2022-09-23,96.72,89.62
2022-09-24,96.72,89.62
2022-09-25,96.72,89.62
2022-09-26,96.72,89.62
2022-09-27,96.72,89.62
2022-09-28,96.72,89.62
2022-09-29,96.72,89.62
2022-09-30,96.72,89.62
2022-10-01,96.72,89.62
2022-10-02,96.72,89.62
2022-10-03,96.72,89.62
2022-10-04,96.72,89.62
2022-10-05,96.72,89.62
2022-10-06,96.72,89.62
2022-10-07,96.72,89.62
2022-10-08,96.72,89.62
2022-10-09,96.72,89.62
2022-10-10,96.72,89.62
2022-10-11,96.72,89.62
2022-10-12,96.72,89.62
2022-10-13,96.72,89.62
2022-10-14,96.72,89.62
2022-10-15,96.72,89.62
2022-10-16,96.72,89.62
2022-10-17,96.72,89.62
2022-10-18,96.72,89.62
2022-10-19,96.72,89.62
2022-10-20,96.72,89.62
2022-10-21,96.72,89.62
2022-10-22,96.72,89.62
2022-10-23,96.72,89.62
2022-10-24,96.72,89.62
2022-10-25,96.72,89.62
2022-10-26,96.72,89.62
2022-10-27,96.72,89.62
2022-10-28,96.72,89.62
2022-10-29,96.72,89.62
2022-10-30,96.72,89.62
2022-10-31,96.72,89.62
2022-11-01,96.72,89.62
2022-11-02,96.72,89.62
2022-11-03,96.72,89.62
2022-11-04,96.72,89.62
2022-11-05,96.72,89.62
2022-11-06,96.72,89.62
2022-11-07,96.72,89.62
2022-11-08,96.72,89.62
2022-11-09,96.72,89.62
2022-11-10,96.72,89.62
2022-11-11,96.72,89.62
2022-11-12,96.72,89.62
2022-11-13,96.72,89.62
2022-11-14,96.72,89.62
2022-11-15,96.72,89.62
2022-11-16,96.72,89.62
2022-11-17,96.72,89.62
2022-11-18,96.72,89.62
2022-11-19,96.72,89.62
2022-11-20,96.72,89.62
2022-11-21,96.72,89.62
2022-11-22,96.72,89.62
2022-11-23,96.72,89.62
2022-11-24,96.72,89.62
2022-11-25,96.72,89.62
2022-11-26,96.72,89.62
2022-11-27,96.72,89.62
2022-11-28,96.72,89.62
2022-11-29,96.72,89.62
2022-11-30,96.72,89.62
2022-12-01,96.72,89.62
2022-12-02,96.72,89.62
2022-12-03,96.72,89.62
2022-12-04,96.72,89.62
2022-12-05,96.72,89.62
2022-12-06,96.72,89.62
2022-12-07,96.72,89.62
2022-12-08,96.72,89.62
2022-12-09,96.72,89.62
2022-12-10,96.72,89.62
2022-12-11,96.72,89.62
2022-12-12,96.72,89.62
2022-12-13,96.72,89.62
2022-12-14,96.72,89.62
2022-12-15,96.72,89.62
2022-12-16,96.72,89.62
2022-12-17,96.72,89.62
2022-12-18,96.72,89.62
2022-12-19,96.72,89.62
2022-12-20,96.72,89.62
2022-12-21,96.72,89.62
2022-12-22,96.72,89.62
2022-12-23,96.72,89.62
2022-12-24,96.72,89.62
2022-12-25,96.72,89.62
2022-12-26,96.72,89.62
2022-12-27,96.72,89.62
2022-12-28,96.72,89.62
2022-12-29,96.72,89.62
2022-12-30,96.72,89.62
2022-12-31,96.72,89.62
2023-01-01,96.72,89.62
2023-01-02,96.72,89.62
2023-01-03,96.72,89.62
2023-01-04,96.72,89.62
2023-01-05,96.72,89.62
2023-01-06,96.72,89.62
2023-01-07,96.72,89.62
2023-01-08,96.72,89.62
2023-01-09,96.72,89.62
2023-01-10,96.72,89.62
2023-01-11,96.72,89.62
2023-01-12,96.72,89.62
2023-01-13,96.72,89.62
2023-01-14,96.72,89.62
2023-01-15,96.72,89.62
2023-01-16,96.72,89.62
2023-01-17,96.72,89.62
2023-01-18,96.72,89.62
2023-01-19,96.72,89.62
2023-01-20,96.72,89.62
2023-01-21,96.72,89.62
2023-01-22,96.72,89.62
2023-01-23,96.72,89.62
2023-01-24,96.72,89.62
2023-01-25,96.72,89.62
2023-01-26,96.72,89.62
2023-01-27,96.72,89.62
2023-01-28,96.72,89.62
2023-01-29,96.72,89.62
2023-01-30,96.72,89.62
2023-01-31,96.72,89.62
2023-02-01,96.72,89.62
2023-02-02,96.72,89.62
2023-02-03,96.72,89.62
2023-02-04,96.72,89.62
2023-02-05,96.72,89.62
2023-02-06,96.72,89.62
2023-02-07,96.72,89.62
2023-02-08,96.72,89.62
2023-02-09,96.72,89.62
2023-02-10,96.72,89.62
2023-02-11,96.72,89.62
2023-02-12,96.72,89.62
2023-02-13,96.72,89.62
2023-02-14,96.72,89.62
2023-02-15,96.72,89.62
2023-02-16,96.72,89.62
2023-02-17,96.72,89.62
2023-02-18,96.72,89.62
2023-02-19,96.72,89.62
2023-02-20,96.72,89.62
2023-02-21,96.72,89.62
2023-02-22,96.72,89.62
2023-02-23,96.72,89.62
2023-02-24,96.72,89.62
2023-02-25,96.72,89.62
2023-02-26,96.72,89.62
2023-02-27,96.72,89.62
2023-02-28,96.72,89.62
2023-03-01,96.72,89.62
2023-03-02,96.72,89.62
2023-03-03,96.72,89.62
2023-03-04,96.72,89.62
2023-03-05,96.72,89.62
2023-03-06,96.72,89.62
2023-03-07,96.72,89.62
2023-03-08,96.72,89.62
2023-03-09,96.72,89.62
2023-03-10,96.72,89.62
2023-03-11,96.72,89.62
2023-03-12,96.72,89.62
2023-03-13,96.72,89.62
2023-03-14,96.72,89.62
2023-03-15,96.72,89.62
2023-03-16,96.72,89.62
2023-03-17,96.72,89.62
2023-03-18,96.72,89.62
2023-03-19,96.72,89.62
2023-03-20,96.72,89.62
2023-03-21,96.72,89.62
2023-03-22,96.72,89.62
2023-03-23,96.72,89.62
2023-03-24,96.72,89.62
2023-03-25,96.72,89.62
2023-03-26,96.72,89.62
2023-03-27,96.72,89.62
2023-03-28,96.72,89.62
2023-03-29,96.72,89.62
2023-03-30,96.72,89.62
2023-03-31,96.72,89.62
2023-04-01,96.72,89.62
2023-04-02,96.72,89.62
2023-04-03,96.72,89.62
2023-04-04,96.72,89.62
2023-04-05,96.72,89.62
2023-04-06,96.72,89.62
2023-04-07,96.72,89.62
2023-04-08,96.72,89.62
2023-04-09,96.72,89.62
2023-04-10,96.72,89.62
2023-04-11,96.72,89.62
2023-04-12,96.72,89.62
2023-04-13,96.72,89.62
2023-04-14,96.72,89.62
2023-04-15,96.72,89.62
2023-04-16,96.72,89.62
2023-04-17,96.72,89.62
2023-04-18,96.72,89.62
2023-04-19,96.72,89.62
2023-04-20,96.72,89.62
2023-04-21,96.72,89.62
2023-04-22,96.72,89.62
2023-04-23,96.72,89.62
2023-04-24,96.72,89.62
2023-04-25,96.72,89.62
2023-04-26,96.72,89.62
2023-04-27,96.72,89.62
2023-04-28,96.72,89.62
2023-04-29,96.72,89.62
2023-04-30,96.72,89.62
2023-05-01,96.72,89.62
2023-05-02,96.72,89.62
2023-05-03,96.72,89.62
2023-05-04,96.72,89.62
2023-05-05,96.72,89.62
2023-05-06,96.72,89.62
2023-05-07,96.72,89.62
2023-05-08,96.72,89.62
2023-05-09,96.72,89.62
2023-05-10,96.72,89.62
2023-05-11,96.72,89.62
2023-05-12,96.72,89.62
2023-05-13,96.72,89.62
2023-05-14,96.72,89.62
2023-05-15,96.72,89.62
2023-05-16,96.72,89.62
2023-05-17,96.72,89.62
2023-05-18,96.72,89.62
2023-05-19,96.72,89.62
2023-05-20,96.72,89.62
2023-05-21,96.72,89.62
2023-05-22,96.72,89.62
2023-05-23,96.72,89.62
2023-05-24,96.72,89.62
2023-05-25,96.72,89.62
2023-05-26,96.72,89.62
2023-05-27,96.72,89.62
2023-05-28,96.72,89.62
2023-05-29,96.72,89.62
2023-05-30,96.72,89.62
2023-05-31,96.72,89.62
2023-06-01,96.72,89.62
2023-06-02,96.72,89.62
2023-06-03,96.72,89.62
2023-06-04,96.72,89.62
2023-06-05,96.72,89.62
2023-06-06,96.72,89.62
2023-06-07,96.72,89.62
2023-06-08,96.72,89.62
2023-06-09,96.72,89.62
2023-06-10,96.72,89.62
2023-06-11,96.72,89.62
2023-06-12,96.72,89.62
2023-06-13,96.72,89.62
2023-06-14,96.72,89.62
2023-06-15,96.72,89.62
2023-06-16,96.72,89.62
2023-06-17,96.72,89.62
2023-06-18,96.72,89.62
2023-06-19,96.72,89.62
2023-06-20,96.72,89.62
2023-06-21,96.72,89.62
2023-06-22,96.72,89.62
2023-06-23,96.72,89.62
2023-06-24,96.72,89.62
2023-06-25,96.72,89.62
2023-06-26,96.72,89.62
2023-06-27,96.72,89.62
2023-06-28,96.72,89.62
2023-06-29,96.72,89.62
2023-06-30,96.72,89.62
2023-07-01,96.72,89.62
2023-07-02,96.72,89.62
2023-07-03,96.72,89.62
2023-07-04,96.72,89.62
2023-07-05,96.72,89.62
2023-07-06,96.72,89.62
2023-07-07,96.72,89.62
2023-07-08,96.72,89.62
2023-07-09,96.72,89.62
2023-07-10,96.72,89.62
2023-07-11,96.72,89.62
2023-07-12,96.72,89.62
2023-07-13,96.72,89.62
2023-07-14,96.72,89.62
2023-07-15,96.72,89.62
2023-07-16,96.72,89.62
2023-07-17,96.72,89.62
2023-07-18,96.72,89.62
2023-07-19,96.72,89.62
2023-07-20,96.72,89.62
2023-07-21,96.72,89.62
2023-07-22,96.72,89.62
2023-07-23,96.72,89.62
2023-07-24,96.72,89.62
2023-07-25,96.72,89.62
2023-07-26,96.72,89.62
2023-07-27,96.72,89.62
2023-07-28,96.72,89.62
2023-07-29,96.72,89.62
2023-07-30,96.72,89.62
2023-07-31,96.72,89.62
2023-08-01,96.72,89.62
2023-08-02,96.72,89.62
2023-08-03,96.72,89.62
2023-08-04,96.72,89.62
2023-08-05,96.72,89.62
2023-08-06,96.72,89.62
2023-08-07,96.72,89.62
2023-08-08,96.72,89.62
2023-08-09,96.72,89.62
2023-08-10,96.72,89.62
2023-08-11,96.72,89.62
2023-08-12,96.72,89.62
2023-08-13,96.72,89.62
2023-08-14,96.72,89.62
2023-08-15,96.72,89.62
2023-08-16,96.72,89.62
2023-08-17,96.72,89.62
2023-08-18,96.72,89.62
2023-08-19,96.72,89.62
2023-08-20,96.72,89.62
2023-08-21,96.72,89.62
2023-08-22,96.72,89.62
2023-08-23,96.72,89.62
2023-08-24,96.72,89.62
2023-08-25,96.72,89.62
2023-08-26,96.72,89.62
2023-08-27,96.72,89.62
2023-08-28,96.72,89.62
2023-08-29,96.72,89.62
2023-08-30,96.72,89.62
2023-08-31,96.72,89.62
2023-09-01,96.72,89.62
2023-09-02,96.72,89.62
2023-09-03,96.72,89.62
2023-09-04,96.72,89.62
2023-09-05,96.72,89.62
2023-09-06,96.72,89.62
2023-09-07,96.72,89.62
2023-09-08,96.72,89.62
2023-09-09,96.72,89.62
2023-09-10,96.72,89.62
2023-09-11,96.72,89.62
2023-09-12,96.72,89.62
2023-09-13,96.72,89.62
2023-09-14,96.72,89.62
2023-09-15,96.72,89.62
2023-09-16,96.72,89.62
2023-09-17,96.72,89.62
2023-09-18,96.72,89.62
2023-09-19,96.72,89.62
2023-09-20,96.72,89.62
2023-09-21,96.72,89.62
2023-09-22,96.72,89.62
2023-09-23,96.72,89.62
2023-09-24,96.72,89.62
2023-09-25,96.72,89.62
2023-09-26,96.72,89.62
2023-09-27,96.72,89.62
2023-09-28,96.72,89.62
2023-09-29,96.72,89.62
2023-09-30,96.72,89.62
2023-10-01,96.72,89.62
2023-10-02,96.72,89.62
2023-10-03,96.72,89.62
2023-10-04,96.72,89.62
2023-10-05,96.72,89.62
2023-10-06,96.72,89.62
2023-10-07,96.72,89.62
2023-10-08,96.72,89.62
2023-10-09,96.72,89.62
2023-10-10,96.72,89.62
2023-10-11,96.72,89.62
2023-10-12,96.72,89.62
2023-10-13,96.72,89.62
2023-10-14,96.72,89.62
2023-10-15,96.72,89.62
2023-10-16,96.72,89.62
2023-10-17,96.72,89.62
2023-10-18,96.72,89.62
2023-10-19,96.72,89.62
2023-10-20,96.72,89.62
2023-10-21,96.72,89.62
2023-10-22,96.72,89.62
2023-10-23,96.72,89.62
2023-10-24,96.72,89.62
2023-10-25,96.72,89.62
2023-10-26,96.72,89.62
2023-10-27,96.72,89.62
2023-10-28,96.72,89.62
2023-10-29,96.72,89.62
2023-10-30,96.72,89.62
2023-10-31,96.72,89.62
2023-11-01,96.72,89.62
2023-11-02,96.72,89.62
2023-11-03,96.72,89.62
2023-11-04,96.72,89.62
2023-11-05,96.72,89.62
2023-11-06,96.72,89.62
2023-11-07,96.72,89.62
2023-11-08,96.72,89.62
2023-11-09,96.72,89.62
2023-11-10,96.72,89.62
2023-11-11,96.72,89.62
2023-11-12,96.72,89.62
2023-11-13,96.72,89.62
2023-11-14,96.72,89.62
2023-11-15,96.72,89.62
2023-11-16,96.72,89.62
2023-11-17,96.72,89.62
2023-11-18,96.72,89.62
2023-11-19,96.72,89.62
2023-11-20,96.72,89.62
2023-11-21,96.72,89.62
2023-11-22,96.72,89.62
2023-11-23,96.72,89.62
2023-11-24,96.72,89.62
2023-11-25,96.72,89.62
2023-11-26,96.72,89.62
2023-11-27,96.72,89.62
2023-11-28,96.72,89.62
2023-11-29,96.72,89.62
2023-11-30,96.72,89.62
2023-12-01,96.72,89.62
2023-12-02,96.72,89.62
2023-12-03,96.72,89.62
2023-12-04,96.72,89.62
2023-12-05,96.72,89.62
2023-12-06,96.72,89.62
2023-12-07,96.72,89.62
2023-12-08,96.72,89.62
2023-12-09,96.72,89.62
2023-12-10,96.72,89.62
2023-12-11,96.72,89.62
2023-12-12,96.72,89.62
2023-12-13,96.72,89.62
2023-12-14,96.72,89.62
2023-12-15,96.72,89.62
2023-12-16,96.72,89.62
2023-12-17,96.72,89.62
2023-12-18,96.72,89.62
2023-12-19,96.72,89.62
2023-12-20,96.72,89.62
2023-12-21,96.72,89.62
2023-12-22,96.72,89.62
2023-12-23,96.72,89.62
2023-12-24,96.72,89.62
2023-12-25,96.72,89.62
2023-12-26,96.72,89.62
2023-12-27,96.72,89.62
2023-12-28,96.72,89.62
2023-12-29,96.72,89.62
2023-12-30,96.72,89.62
2023-12-31,96.72,89.62
2024-01-01,96.72,89.62
2024-01-02,96.72,89.62
2024-01-03,96.72,89.62
2024-01-04,96.72,89.62
2024-01-05,96.72,89.62
2024-01-06,96.72,89.62
2024-01-07,96.72,89.62
2024-01-08,96.72,89.62
2024-01-09,96.72,89.62
2024-01-10,96.72,89.62
2024-01-11,96.72,89.62
2024-01-12,96.72,89.62
2024-01-13,96.72,89.62
2024-01-14,96.72,89.62
2024-01-15,96.72,89.62
2024-01-16,96.72,89.62
2024-01-17,96.72,89.62
2024-01-18,96.72,89.62
2024-01-19,96.72,89.62
2024-01-20,96.72,89.62
2024-01-21,96.72,89.62
2024-01-22,96.72,89.62
2024-01-23,96.72,89.62
2024-01-24,96.72,89.62
2024-01-25,96.72,89.62
2024-01-26,96.72,89.62
2024-01-27,96.72,89.62
2024-01-28,96.72,89.62
2024-01-29,96.72,89.62
2024-01-30,96.72,89.62
2024-01-31,96.72,89.62
2024-02-01,96.72,89.62
2024-02-02,96.72,89.62
2024-02-03,96.72,89.62
2024-02-04,96.72,89.62
2024-02-05,96.72,89.62
2024-02-06,96.72,89.62
2024-02-07,96.72,89.62
2024-02-08,96.72,89.62
2024-02-09,96.72,89.62
2024-02-10,96.72,89.62
2024-02-11,96.72,89.62
2024-02-12,96.72,89.62
2024-02-13,96.72,89.62
2024-02-14,96.72,89.62
2024-02-15,96.72,89.62
2024-02-16,96.72,89.62
2024-02-17,96.72,89.62
2024-02-18,96.72,89.62
2024-02-19,96.72,89.62
2024-02-20,96.72,89.62
2024-02-21,96.72,89.62
2024-02-22,96.72,89.62
2024-02-23,96.72,89.62
2024-02-24,96.72,89.62
2024-02-25,96.72,89.62
2024-02-26,96.72,89.62
2024-02-27,96.72,89.62
2024-02-28,96.72,89.62
2024-02-29,96.72,89.62
2024-03-01,96.72,89.62
2024-03-02,96.72,89.62
2024-03-03,96.72,89.62
2024-03-04,96.72,89.62
2024-03-05,96.72,89.62
2024-03-06,96.72,89.62
2024-03-07,96.72,89.62
2024-03-08,96.72,89.62
2024-03-09,96.72,89.62
2024-03-10,96.72,89.62
2024-03-11,96.72,89.62
2024-03-12,96.72,89.62
2024-03-13,96.72,89.62
2024-03-14,96.72,89.62
2024-03-15,94.72,87.62
2024-03-16,94.72,87.62
2024-03-17,94.72,87.62
2024-03-18,94.72,87.62
2024-03-19,94.72,87.62
2024-03-20,94.72,87.62
2024-03-21,94.72,87.62
2024-03-22,94.72,87.62
2024-03-23,94.72,87.62
2024-03-24,94.72,87.62
2024-03-25,94.72,87.62
2024-03-26,94.72,87.62
2024-03-27,94.72,87.62
2024-03-28,94.72,87.62
2024-03-29,94.72,87.62
2024-03-30,94.72,87.62
2024-03-31,94.72,87.62
2024-04-01,94.72,87.62
2024-04-02,94.72,87.62
2024-04-03,94.72,87.62
2024-04-04,94.72,87.62
2024-04-05,94.72,87.62
2024-04-06,94.72,87.62
2024-04-07,94.72,87.62
2024-04-08,94.72,87.62
2024-04-09,94.72,87.62
2024-04-10,94.72,87.62
2024-04-11,94.72,87.62
2024-04-12,94.72,87.62
2024-04-13,94.72,87.62
2024-04-14,94.72,87.62
2024-04-15,94.72,87.62
2024-04-16,94.72,87.62
2024-04-17,94.72,87.62
2024-04-18,94.72,87.62
2024-04-19,94.72,87.62
2024-04-20,94.72,87.62
2024-04-21,94.72,87.62
2024-04-22,94.72,87.62
2024-04-23,94.72,87.62
2024-04-24,94.72,87.62
2024-04-25,94.72,87.62
2024-04-26,94.72,87.62
2024-04-27,94.72,87.62
2024-04-28,94.72,87.62
2024-04-29,94.72,87.62
2024-04-30,94.72,87.62
2024-05-01,94.72,87.62
2024-05-02,94.72,87.62
2024-05-03,94.72,87.62
2024-05-04,94.72,87.62
2024-05-05,94.72,87.62
2024-05-06,94.72,87.62
2024-05-07,94.72,87.62
2024-05-08,94.72,87.62
2024-05-09,94.72,87.62
2024-05-10,94.72,87.62
2024-05-11,94.72,87.62
2024-05-12,94.72,87.62
2024-05-13,94.72,87.62
2024-05-14,94.72,87.62
2024-05-15,94.72,87.62
2024-05-16,94.72,87.62
2024-05-17,94.72,87.62
2024-05-18,94.72,87.62
2024-05-19,94.72,87.62
2024-05-20,94.72,87.62
2024-05-21,94.72,87.62
2024-05-22,94.72,87.62
2024-05-23,94.72,87.62
2024-05-24,94.72,87.62
2024-05-25,94.72,87.62
2024-05-26,94.72,87.62
2024-05-27,94.72,87.62
2024-05-28,94.72,87.62
2024-05-29,94.72,87.62
2024-05-30,94.72,87.62
2024-05-31,94.72,87.62
2024-06-01,94.72,87.62
2024-06-02,94.72,87.62
2024-06-03,94.72,87.62
2024-06-04,94.72,87.62
2024-06-05,94.72,87.62
2024-06-06,94.72,87.62
2024-06-07,94.72,87.62
2024-06-08,94.72,87.62
2024-06-09,94.72,87.62
2024-06-10,94.72,87.62
2024-06-11,94.72,87.62
2024-06-12,94.72,87.62
2024-06-13,94.72,87.62
2024-06-14,94.72,87.62
2024-06-15,94.72,87.62
2024-06-16,94.72,87.62
2024-06-17,94.72,87.62
2024-06-18,94.72,87.62
2024-06-19,94.72,87.62
2024-06-20,94.72,87.62
2024-06-21,94.72,87.62
2024-06-22,94.72,87.62
2024-06-23,94.72,87.62
2024-06-24,94.72,87.62
2024-06-25,94.72,87.62
2024-06-26,94.72,87.62
2024-06-27,94.72,87.62
2024-06-28,94.72,87.62
2024-06-29,94.72,87.62
2024-06-30,94.72,87.62
2024-07-01,94.72,87.62
2024-07-02,94.72,87.62
2024-07-03,94.72,87.62
2024-07-04,94.72,87.62
2024-07-05,94.72,87.62
2024-07-06,94.72,87.62
2024-07-07,94.72,87.62
2024-07-08,94.72,87.62
2024-07-09,94.72,87.62
2024-07-10,94.72,87.62
2024-07-11,94.72,87.62
2024-07-12,94.72,87.62
2024-07-13,94.72,87.62
2024-07-14,94.72,87.62
2024-07-15,94.72,87.62
2024-07-16,94.72,87.62
2024-07-17,94.72,87.62
2024-07-18,94.72,87.62
2024-07-19,94.72,87.62
2024-07-20,94.72,87.62
2024-07-21,94.72,87.62
2024-07-22,94.72,87.62
2024-07-23,94.72,87.62
2024-07-24,94.72,87.62
2024-07-25,94.72,87.62
2024-07-26,94.72,87.62
2024-07-27,94.72,87.62
2024-07-28,94.72,87.62
2024-07-29,94.72,87.62
2024-07-30,94.72,87.62
2024-07-31,94.72,87.62
2024-08-01,94.72,87.62
2024-08-02,94.72,87.62
2024-08-03,94.72,87.62
2024-08-04,94.72,87.62
2024-08-05,94.72,87.62
2024-08-06,94.72,87.62
2024-08-07,94.72,87.62
2024-08-08,94.72,87.62
2024-08-09,94.72,87.62
2024-08-10,94.72,87.62
2024-08-11,94.72,87.62
2024-08-12,94.72,87.62
2024-08-13,94.72,87.62
2024-08-14,94.72,87.62
2024-08-15,94.72,87.62
2024-08-16,94.72,87.62
2024-08-17,94.72,87.62
2024-08-18,94.72,87.62
2024-08-19,94.72,87.62
2024-08-20,94.72,87.62
2024-08-21,94.72,87.62
2024-08-22,94.72,87.62
2024-08-23,94.72,87.62
2024-08-24,94.72,87.62
2024-08-25,94.72,87.62
2024-08-26,94.72,87.62
2024-08-27,94.72,87.62
2024-08-28,94.72,87.62
2024-08-29,94.72,87.62
2024-08-30,94.72,87.62
2024-08-31,94.72,87.62
2024-09-01,94.72,87.62
2024-09-02,94.72,87.62
2024-09-03,94.72,87.62
2024-09-04,94.72,87.62
2024-09-05,94.72,87.62
2024-09-06,94.72,87.62
2024-09-07,94.72,87.62
2024-09-08,94.72,87.62
2024-09-09,94.72,87.62
2024-09-10,94.72,87.62
2024-09-11,94.72,87.62
2024-09-12,94.72,87.62
2024-09-13,94.72,87.62
2024-09-14,94.72,87.62
2024-09-15,94.72,87.62
2024-09-16,94.72,87.62
2024-09-17,94.72,87.62
2024-09-18,94.72,87.62
2024-09-19,94.72,87.62
2024-09-20,94.72,87.62
2024-09-21,94.72,87.62
2024-09-22,94.72,87.62
2024-09-23,94.72,87.62
2024-09-24,94.72,87.62
2024-09-25,94.72,87.62
2024-09-26,94.72,87.62
2024-09-27,94.72,87.62
2024-09-28,94.72,87.62
2024-09-29,94.72,87.62
2024-09-30,94.72,87.62
2024-10-01,94.72,87.62
2024-10-02,94.72,87.62
2024-10-03,94.72,87.62
2024-10-04,94.72,87.62
2024-10-05,94.72,87.62
2024-10-06,94.72,87.62
2024-10-07,94.72,87.62
2024-10-08,94.72,87.62
2024-10-09,94.72,87.62
2024-10-10,94.72,87.62
2024-10-11,94.72,87.62
2024-10-12,94.72,87.62
2024-10-13,94.72,87.62
2024-10-14,94.72,87.62
2024-10-15,94.72,87.62
2024-10-16,94.72,87.62
2024-10-17,94.72,87.62
2024-10-18,94.72,87.62
2024-10-19,94.72,87.62
2024-10-20,94.72,87.62
2024-10-21,94.72,87.62
2024-10-22,94.72,87.62
2024-10-23,94.72,87.62
2024-10-24,94.72,87.62
2024-10-25,94.72,87.62
2024-10-26,94.72,87.62
2024-10-27,94.72,87.62
2024-10-28,94.72,87.62
2024-10-29,94.72,87.62
2024-10-30,94.77,87.67
2024-10-31,94.77,87.67
2024-11-01,94.77,87.67
2024-11-02,94.77,87.67
2024-11-03,94.77,87.67
2024-11-04,94.77,87.67
2024-11-05,94.77,87.67
2024-11-06,94.77,87.67
2024-11-07,94.77,87.67
2024-11-08,94.77,87.67
2024-11-09,94.77,87.67
2024-11-10,94.77,87.67
2024-11-11,94.77,87.67
2024-11-12,94.77,87.67
2024-11-13,94.77,87.67
2024-11-14,94.77,87.67
2024-11-15,94.77,87.67
2024-11-16,94.77,87.67
2024-11-17,94.77,87.67
2024-11-18,94.77,87.67
2024-11-19,94.77,87.67
2024-11-20,94.77,87.67
2024-11-21,94.77,87.67
2024-11-22,94.77,87.67
2024-11-23,94.77,87.67
2024-11-24,94.77,87.67
2024-11-25,94.77,87.67
2024-11-26,94.77,87.67
2024-11-27,94.77,87.67
2024-11-28,94.77,87.67
2024-11-29,94.77,87.67
2024-11-30,94.77,87.67
2024-12-01,94.77,87.67
2024-12-02,94.77,87.67
2024-12-03,94.77,87.67
2024-12-04,94.77,87.67
2024-12-05,94.77,87.67
2024-12-06,94.77,87.67
2024-12-07,94.77,87.67
2024-12-08,94.77,87.67
2024-12-09,94.77,87.67
2024-12-10,94.77,87.67
2024-12-11,94.77,87.67
2024-12-12,94.77,87.67
2024-12-13,94.77,87.67
2024-12-14,94.77,87.67
2024-12-15,94.77,87.67
2024-12-16,94.77,87.67
2024-12-17,94.77,87.67
2024-12-18,94.77,87.67
2024-12-19,94.77,87.67
2024-12-20,94.77,87.67
2024-12-21,94.77,87.67
2024-12-22,94.77,87.67
2024-12-23,94.77,87.67
2024-12-24,94.77,87.67
2024-12-25,94.77,87.67
2024-12-26,94.77,87.67
2024-12-27,94.77,87.67
2024-12-28,94.77,87.67
2024-12-29,94.77,87.67
2024-12-30,94.77,87.67
2024-12-31,94.77,87.67
2025-01-01,94.77,87.67
2025-01-02,94.77,87.67
2025-01-03,94.77,87.67
2025-01-04,94.77,87.67
2025-01-05,94.77,87.67
2025-01-06,94.77,87.67
2025-01-07,94.77,87.67
2025-01-08,94.77,87.67
2025-01-09,94.77,87.67
2025-01-10,94.77,87.67
2025-01-11,94.77,87.67
2025-01-12,94.77,87.67
2025-01-13,94.77,87.67
2025-01-14,94.77,87.67
2025-01-15,94.77,87.67
2025-01-16,94.77,87.67
2025-01-17,94.77,87.67
2025-01-18,94.77,87.67
2025-01-19,94.77,87.67
2025-01-20,94.77,87.67
2025-01-21,94.77,87.67
2025-01-22,94.77,87.67
2025-01-23,94.77,87.67
2025-01-24,94.77,87.67
2025-01-25,94.77,87.67
2025-01-26,94.77,87.67
2025-01-27,94.77,87.67
2025-01-28,94.77,87.67
2025-01-29,94.77,87.67
2025-01-30,94.77,87.67
2025-01-31,94.77,87.67
2025-02-01,94.77,87.67
2025-02-02,94.77,87.67
2025-02-03,94.77,87.67
2025-02-04,94.77,87.67
2025-02-05,94.77,87.67
2025-02-06,94.77,87.67
2025-02-07,94.77,87.67
2025-02-08,94.77,87.67
2025-02-09,94.77,87.67
2025-02-10,94.77,87.67
2025-02-11,94.77,87.67
2025-02-12,94.77,87.67
2025-02-13,94.77,87.67
2025-02-14,94.77,87.67
2025-02-15,94.77,87.67
2025-02-16,94.77,87.67
2025-02-17,94.77,87.67
2025-02-18,94.77,87.67
2025-02-19,94.77,87.67
2025-02-20,94.77,87.67
2025-02-21,94.77,87.67
2025-02-22,94.77,87.67
2025-02-23,94.77,87.67
2025-02-24,94.77,87.67
2025-02-25,94.77,87.67
2025-02-26,94.77,87.67
2025-02-27,94.77,87.67
2025-02-28,94.77,87.67
2025-03-01,94.77,87.67
2025-03-02,94.77,87.67
2025-03-03,94.77,87.67
2025-03-04,94.77,87.67
2025-03-05,94.77,87.67
2025-03-06,94.77,87.67
2025-03-07,94.77,87.67
2025-03-08,94.77,87.67
2025-03-09,94.77,87.67
2025-03-10,94.77,87.67
2025-03-11,94.77,87.67
2025-03-12,94.77,87.67
2025-03-13,94.77,87.67
2025-03-14,94.77,87.67
2025-03-15,94.77,87.67
2025-03-16,94.77,87.67
2025-03-17,94.77,87.67
2025-03-18,94.77,87.67
2025-03-19,94.77,87.67
2025-03-20,94.77,87.67
2025-03-21,94.77,87.67
2025-03-22,94.77,87.67
2025-03-23,94.77,87.67
2025-03-24,94.77,87.67
2025-03-25,94.77,87.67
2025-03-26,94.77,87.67
2025-03-27,94.77,87.67
2025-03-28,94.77,87.67
2025-03-29,94.77,87.67
2025-03-30,94.77,87.67
2025-03-31,94.77,87.67
2025-04-01,94.77,87.67
2025-04-02,94.77,87.67
2025-04-03,94.77,87.67
2025-04-04,94.77,87.67
2025-04-05,94.77,87.67
2025-04-06,94.77,87.67
2025-04-07,94.77,87.67
2025-04-08,94.77,87.67
2025-04-09,94.77,87.67
2025-04-10,94.77,87.67
2025-04-11,94.77,87.67
2025-04-12,94.77,87.67
2025-04-13,94.77,87.67
2025-04-14,94.77,87.67
2025-04-15,94.77,87.67
2025-04-16,94.77,87.67
2025-04-17,94.77,87.67
2025-04-18,94.77,87.67
2025-04-19,94.77,87.67
2025-04-20,94.77,87.67
2025-04-21,94.77,87.67
2025-04-22,94.77,87.67
2025-04-23,94.77,87.67
2025-04-24,94.77,87.67
2025-04-25,94.77,87.67
2025-04-26,94.77,87.67
2025-04-27,94.77,87.67
2025-04-28,94.77,87.67
2025-04-29,94.77,87.67
2025-04-30,94.77,87.67
2025-05-01,94.77,87.67
2025-05-02,94.77,87.67
2025-05-03,94.77,87.67
2025-05-04,94.77,87.67
2025-05-05,94.77,87.67
2025-05-06,94.77,87.67
2025-05-07,94.77,87.67
2025-05-08,94.77,87.67
2025-05-09,94.77,87.67
2025-05-10,94.77,87.67
2025-05-11,94.77,87.67
2025-05-12,94.77,87.67
2025-05-13,94.77,87.67
2025-05-14,94.77,87.67
2025-05-15,94.77,87.67
2025-05-16,94.77,87.67
2025-05-17,94.77,87.67
2025-05-18,94.77,87.67
2025-05-19,94.77,87.67
2025-05-20,94.77,87.67
2025-05-21,94.77,87.67
2025-05-22,94.77,87.67
2025-05-23,94.77,87.67
2025-05-24,94.77,87.67
2025-05-25,94.77,87.67
2025-05-26,94.77,87.67
2025-05-27,94.77,87.67
2025-05-28,94.77,87.67
2025-05-29,94.77,87.67
2025-05-30,94.77,87.67
2025-05-31,94.77,87.67
2025-06-01,94.77,87.67
2025-06-02,94.77,87.67
2025-06-03,94.77,87.67
2025-06-04,94.77,87.67
2025-06-05,94.77,87.67
2025-06-06,94.77,87.67
2025-06-07,94.77,87.67
2025-06-08,94.77,87.67
2025-06-09,94.77,87.67
2025-06-10,94.77,87.67
2025-06-11,94.77,87.67
2025-06-12,94.77,87.67
2025-06-13,94.77,87.67
2025-06-14,94.77,87.67
2025-06-15,94.77,87.67
2025-06-16,94.77,87.67
2025-06-17,94.77,87.67
2025-06-18,94.77,87.67
2025-06-19,94.77,87.67
2025-06-20,94.77,87.67
2025-06-21,94.77,87.67
2025-06-22,94.77,87.67
2025-06-23,94.77,87.67
2025-06-24,94.77,87.67
2025-06-25,94.77,87.67
2025-06-26,94.77,87.67
2025-06-27,94.77,87.67
2025-06-28,94.77,87.67
2025-06-29,94.77,87.67
2025-06-30,94.77,87.67
2025-07-01,94.77,87.67
2025-07-02,94.77,87.67
2025-07-03,94.77,87.67
2025-07-04,94.77,87.67
2025-07-05,94.77,87.67
2025-07-06,94.77,87.67
2025-07-07,94.77,87.67
2025-07-08,94.77,87.67
2025-07-09,94.77,87.67
2025-07-10,94.77,87.67
2025-07-11,94.77,87.67
2025-07-12,94.77,87.67
2025-07-13,94.77,87.67
2025-07-14,94.77,87.67
2025-07-15,94.77,87.67
2025-07-16,94.77,87.67
2025-07-17,94.77,87.67
2025-07-18,94.77,87.67
2025-07-19,94.77,87.67
2025-07-20,94.77,87.67
2025-07-21,94.77,87.67
2025-07-22,94.77,87.67
2025-07-23,94.77,87.67
2025-07-24,94.77,87.67
2025-07-25,94.77,87.67
2025-07-26,94.77,87.67
2025-07-27,94.77,87.67
2025-07-28,94.77,87.67
2025-07-29,94.77,87.67
2025-07-30,94.77,87.67
2025-07-31,94.77,87.67
2025-08-01,94.77,87.67
2025-08-02,94.77,87.67
2025-08-03,94.77,87.67
2025-08-04,94.77,87.67
2025-08-05,94.77,87.67
2025-08-06,94.77,87.67
2025-08-07,94.77,87.67
2025-08-08,94.77,87.67
2025-08-09,94.77,87.67
2025-08-10,94.77,87.67
2025-08-11,94.77,87.67
2025-08-12,94.77,87.67
2025-08-13,94.77,87.67
2025-08-14,94.77,87.67
2025-08-15,94.77,87.67
2025-08-16,94.77,87.67
2025-08-17,94.77,87.67
2025-08-18,94.77,87.67
2025-08-19,94.77,87.67
2025-08-20,94.77,87.67
2025-08-21,94.77,87.67
2025-08-22,94.77,87.67
2025-08-23,94.77,87.67
2025-08-24,94.77,87.67
2025-08-25,94.77,87.67
2025-08-26,94.77,87.67
2025-08-27,94.77,87.67
2025-08-28,94.77,87.67
2025-08-29,94.77,87.67
2025-08-30,94.77,87.67
2025-08-31,94.77,87.67
2025-09-01,94.77,87.67
2025-09-02,94.77,87.67
2025-09-03,94.77,87.67
2025-09-04,94.77,87.67
2025-09-05,94.77,87.67
2025-09-06,94.77,87.67
2025-09-07,94.77,87.67
2025-09-08,94.77,87.67
2025-09-09,94.77,87.67
2025-09-10,94.77,87.67
2025-09-11,94.77,87.67
2025-09-12,94.77,87.67
2025-09-13,94.77,87.67
2025-09-14,94.77,87.67
2025-09-15,94.77,87.67
2025-09-16,94.77,87.67
2025-09-17,94.77,87.67
2025-09-18,94.77,87.67
2025-09-19,94.77,87.67
2025-09-20,94.77,87.67
2025-09-21,94.77,87.67
2025-09-22,94.77,87.67
2025-09-23,94.77,87.67
2025-09-24,94.77,87.67
2025-09-25,94.77,87.67
2025-09-26,94.77,87.67
2025-09-27,94.77,87.67
2025-09-28,94.77,87.67
2025-09-29,94.77,87.67
2025-09-30,94.77,87.67
2025-10-01,94.77,87.67
2025-10-02,94.77,87.67
2025-10-03,94.77,87.67
2025-10-04,94.77,87.67
2025-10-05,94.77,87.67
2025-10-06,94.77,87.67
2025-10-07,94.77,87.67
2025-10-08,94.77,87.67
2025-10-09,94.77,87.67
2025-10-10,94.77,87.67
2025-10-11,94.77,87.67
2025-10-12,94.77,87.67
2025-10-13,94.77,87.67
2025-10-14,94.77,87.67
2025-10-15,94.77,87.67
2025-10-16,94.77,87.67
2025-10-17,94.77,87.67
2025-10-18,94.77,87.67
2025-10-19,94.77,87.67
2025-10-20,94.77,87.67
2025-10-21,94.77,87.67
2025-10-22,94.77,87.67
2025-10-23,94.77,87.67
2025-10-24,94.77,87.67
2025-10-25,94.77,87.67
2025-10-26,94.77,87.67
2025-10-27,94.77,87.67
2025-10-28,94.77,87.67
2025-10-29,94.77,87.67
2025-10-30,94.77,87.67
2025-10-31,94.77,87.67
2025-11-01,94.77,87.67
2025-11-02,94.77,87.67
2025-11-03,94.77,87.67
2025-11-04,94.77,87.67
2025-11-05,94.77,87.67
2025-11-06,94.77,87.67
2025-11-07,94.77,87.67
2025-11-08,94.77,87.67
2025-11-09,94.77,87.67
2025-11-10,94.77,87.67
2025-11-11,94.77,87.67
2025-11-12,94.77,87.67
2025-11-13,94.77,87.67
2025-11-14,94.77,87.67
2025-11-15,94.77,87.67
2025-11-16,94.77,87.67
2025-11-17,94.77,87.67
2025-11-18,94.77,87.67
2025-11-19,94.77,87.67
2025-11-20,94.77,87.67
2025-11-21,94.77,87.67
2025-11-22,94.77,87.67
2025-11-23,94.77,87.67
2025-11-24,94.77,87.67
2025-11-25,94.77,87.67
2025-11-26,94.77,87.67
2025-11-27,94.77,87.67
2025-11-28,94.77,87.67
2025-11-29,94.77,87.67
2025-11-30,94.77,87.67
2025-12-01,94.77,87.67
2025-12-02,94.77,87.67
2025-12-03,94.77,87.67
2025-12-04,94.77,87.67
2025-12-05,94.77,87.67
2025-12-06,94.77,87.67
2025-12-07,94.77,87.67
2025-12-08,94.77,87.67
2025-12-09,94.77,87.67
2025-12-10,94.77,87.67
2025-12-11,94.77,87.67
2025-12-12,94.77,87.67
2025-12-13,94.77,87.67
2025-12-14,94.77,87.67
2025-12-15,94.77,87.67
2025-12-16,94.77,87.67
2025-12-17,94.77,87.67
2025-12-18,94.77,87.67
2025-12-19,94.77,87.67
2025-12-20,94.77,87.67
2025-12-21,94.77,87.67
2025-12-22,94.77,87.67
2025-12-23,94.77,87.67
2025-12-24,94.77,87.67
2025-12-25,94.77,87.67
2025-12-26,94.77,87.67
2025-12-27,94.77,87.67
2025-12-28,94.77,87.67
2025-12-29,94.77,87.67
2025-12-30,94.77,87.67
2025-12-31,94.77,87.67
2026-01-01,94.77,87.67
2026-01-02,94.77,87.67
2026-01-03,94.77,87.67
2026-01-04,94.77,87.67
2026-01-05,94.77,87.67
2026-01-06,94.77,87.67
2026-01-07,94.77,87.67
2026-01-08,94.77,87.67
2026-01-09,94.77,87.67
2026-01-10,94.77,87.67
2026-01-11,94.77,87.67
2026-01-12,94.77,87.67
2026-01-13,94.77,87.67
2026-01-14,94.77,87.67
2026-01-15,94.77,87.67
2026-01-16,94.77,87.67
2026-01-17,94.77,87.67
2026-01-18,94.77,87.67
2026-01-19,94.77,87.67
2026-01-20,94.77,87.67
2026-01-21,94.77,87.67
2026-01-22,94.77,87.67
2026-01-23,94.77,87.67
2026-01-24,94.77,87.67
2026-01-25,94.77,87.67
2026-01-26,94.77,87.67
2026-01-27,94.77,87.67
2026-01-28,94.77,87.67
2026-01-29,94.77,87.67
2026-01-30,94.77,87.67
2026-01-31,94.77,87.67
2026-02-01,94.77,87.67
2026-02-02,94.77,87.67
2026-02-03,94.77,87.67
2026-02-04,94.77,87.67
2026-02-05,94.77,87.67
2026-02-06,94.77,87.67
2026-02-07,94.77,87.67
2026-02-08,94.77,87.67
2026-02-09,94.77,87.67
2026-02-10,94.77,87.67
2026-02-11,94.77,87.67
2026-02-12,94.77,87.67
2026-02-13,94.77,87.67
2026-02-14,94.77,87.67
2026-02-15,94.77,87.67
2026-02-16,94.77,87.67
2026-02-17,94.77,87.67
2026-02-18,94.77,87.67
2026-02-19,94.77,87.67
2026-02-20,94.77,87.67
2026-02-21,94.77,87.67
2026-02-22,94.77,87.67
2026-02-23,94.77,87.67
2026-02-24,94.77,87.67
2026-02-25,94.77,87.67
2026-02-26,94.77,87.67
2026-02-27,94.77,87.67
2026-02-28,94.77,87.67
2026-03-01,94.77,87.67
2026-03-02,94.77,87.67
2026-03-03,94.77,87.67
2026-03-04,94.77,87.67
2026-03-05,94.77,87.67
2026-03-06,94.77,87.67
2026-03-07,94.77,87.67
2026-03-08,94.77,87.67
2026-03-09,94.77,87.67
2026-03-10,94.77,87.67
2026-03-11,94.77,87.67
2026-03-12,94.77,87.67
2026-03-13,94.77,87.67
2026-03-14,94.77,87.67
2026-03-15,94.77,87.67
2026-03-16,94.77,87.67
2026-03-17,94.77,87.67
2026-03-18,94.77,87.67
2026-03-19,94.77,87.67
2026-03-20,94.77,87.67
2026-03-21,94.77,87.67
2026-03-22,94.77,87.67
2026-03-23,94.77,87.67
2026-03-24,94.77,87.67
2026-03-25,94.77,87.67
2026-03-26,94.77,87.67
2026-03-27,94.77,87.67
2026-03-28,94.77,87.67
2026-03-29,94.77,87.67
2026-03-30,94.77,87.67
2026-03-31,94.77,87.67
2026-04-01,94.77,87.67
2026-04-02,94.77,87.67
2026-04-03,94.77,87.67
2026-04-04,94.77,87.67
2026-04-05,94.77,87.67
2026-04-06,94.77,87.67
2026-04-07,94.77,87.67
2026-04-08,94.77,87.67
2026-04-09,94.77,87.67
2026-04-10,94.77,87.67
2026-04-11,94.77,87.67
2026-04-12,94.77,87.67
2026-04-13,94.77,87.67
2026-04-14,94.77,87.67
2026-04-15,94.77,87.67
2026-04-16,94.77,87.67
2026-04-17,94.77,87.67
2026-04-18,94.77,87.67
2026-04-19,94.77,87.67
2026-04-20,94.77,87.67
2026-04-21,94.77,87.67
2026-04-22,94.77,87.67
2026-04-23,94.77,87.67
2026-04-24,94.77,87.67
2026-04-25,94.77,87.67
2026-04-26,94.77,87.67
2026-04-27,94.77,87.67
2026-04-28,94.77,87.67
2026-04-29,94.77,87.67
2026-04-30,94.77,87.67
2026-05-01,94.77,87.67
2026-05-02,94.77,87.67
2026-05-03,94.77,87.67
2026-05-04,94.77,87.67
2026-05-05,94.77,87.67
2026-05-06,94.77,87.67
2026-05-07,94.77,87.67
2026-05-08,94.77,87.67
2026-05-09,94.77,87.67
2026-05-10,94.77,87.67
2026-05-11,94.77,87.67
2026-05-12,94.77,87.67
2026-05-13,94.77,87.67
2026-05-14,94.77,87.67
2026-05-15,97.77,90.67
2026-05-16,97.77,90.67
2026-05-17,97.77,90.67
2026-05-18,97.77,90.67
2026-05-19,98.64,91.58
2026-05-20,98.64,91.58
2026-05-21,98.64,91.58
2026-05-22,98.64,91.58
2026-05-23,99.51,92.49
2026-05-24,99.51,92.49
2026-05-25,102.12,95.2
2026-05-26,102.12,95.2
2026-05-27,102.12,95.2
2026-05-28,102.12,95.2
2026-05-29,102.12,95.2
2026-05-30,102.12,95.2
2026-05-31,102.12,95.2
2026-06-01,102.12,95.2
2026-06-02,102.12,95.2
2026-06-03,102.12,95.2
2026-06-04,102.12,95.2
2026-06-05,102.12,95.2
2026-06-06,102.12,95.2
2026-06-07,102.12,95.2
2026-06-08,102.12,95.2
2026-06-09,102.12,95.2
2026-06-10,102.12,95.2
2026-06-11,102.12,95.2
2026-06-12,102.12,95.2
2026-06-13,102.12,95.2
2026-06-14,102.12,95.2
2026-06-15,102.12,95.2
2026-06-16,102.12,95.2
2026-06-17,102.12,95.2
2026-06-18,102.12,95.2
2026-06-19,102.12,95.2
2026-06-20,102.12,95.2
2026-06-21,102.12,95.2
2026-06-22,102.12,95.2
2026-06-23,102.12,95.2
2026-06-24,102.12,95.2
2026-06-25,102.12,95.2
2026-06-26,102.12,95.2
2026-06-27,102.12,95.2
2026-06-28,102.12,95.2
2026-06-29,102.12,95.2
2026-06-30,102.12,95.2
2026-07-01,102.12,95.2
2026-07-02,102.12,95.2
2026-07-03,102.12,95.2
2026-07-04,102.12,95.2
2026-07-05,102.12,95.2
2026-07-06,102.12,95.2
2026-07-07,102.12,95.2
2026-07-08,102.12,95.2
2026-07-09,102.12,95.2
2026-07-10,102.12,95.2
2026-07-11,102.12,95.2
2026-07-12,102.12,95.2
2026-07-13,102.12,95.2
2026-07-14,102.12,95.2
2026-07-15,102.12,95.2
2026-07-16,102.12,95.2
2026-07-17,102.12,95.2
